time_s,T1_K,T2_K
0.0,300.88202617298384,299.23353947328496
0.001,300.21325751159736,299.1495381789778
0.002,300.5414758573106,300.045032293817
0.003,301.236337114107,299.5699468558999
0.004,301.13744130543114,300.0464376824171
0.005,299.82594088615116,299.78297827055206
0.006,300.92286928374136,299.80775226934253
0.007,300.5269252456309,300.0209506825377
0.008,300.7265356534707,300.69120984949154
0.009000000000000001,301.17899945305055,300.89167311572527
0.01,301.2605643409392,300.7098374516634
0.011,302.14910353472527,300.1357875284561
0.012,302.0538071099433,301.06809127983126
0.013000000000000001,302.0026799912708,301.21526459708366
0.014,302.44891624628673,301.1414811666825
0.015,302.69492607094344,300.84432851877
0.016,303.59158762741555,301.65103102365373
0.017,303.0731938737919,301.6667980420622
0.018000000000000002,303.67772588278086,300.06391889637655
0.019,303.4532027542362,302.1195506424504
0.02,302.9759159332428,301.0232999474792
0.021,304.96396019040236,302.50252030163824
0.022,305.4661827917137,302.2918475621688
0.023,305.0712789158782,303.17126637922604
0.024,306.99674244320147,302.7382477926186
0.025,305.56483144831867,302.5640407760668
0.026000000000000002,306.7552406673401,303.1607047847389
0.027,307.08888074732295,303.9981971951572
0.028,308.4083171295552,303.72207496024043
0.029,308.84499769483574,303.89905521254747
0.03,308.66472364513317,304.58175448002396
0.031,309.2614207437083,304.5752682369156
0.032,309.12132304199724,304.7334655340859
0.033,309.0751214704881,305.69190557081987
0.034,310.3989464553387,306.06486202255763
0.035,311.1652014455704,305.87826008053196
0.036000000000000004,312.222711490754,305.7186529074937
0.037,312.7353934615738,306.90574983565597
0.038,312.47296914857145,307.05002679591735
0.039,313.05340498628254,307.1244852598831
0.04,313.22341105915234,306.468852840891
0.041,313.58573889439253,307.4642557763745
0.042,313.9953329093903,307.34417772602893
0.043000000000000003,316.3809750046788,307.9635596170668
0.044,315.7120274342215,308.4949982922002
0.045,316.31298543829405,308.7617015342023
0.046,316.4744606914546,308.81533148825673
0.047,318.06187763778877,310.03523713332066
0.048,317.44167501256425,308.9009801359771
0.049,318.72074902241184,310.4687690928
0.05,318.9606782899114,309.53381650000057
0.051000000000000004,320.18575270837806,311.0168918966815
0.052000000000000005,320.32319322875253,310.74923528585305
0.053,320.57679193734685,312.0029013132021
0.054,321.7435667745425,311.98191385677416
0.055,322.56423715102926,312.44126528570433
0.056,322.9774383913237,312.19069478062795
0.057,323.69105705690146,312.75858239215114
0.058,323.819677267565,313.57903396854016
0.059000000000000004,324.5537093565734,314.1602082553845
0.06,324.99816956639654,315.7293263210408
0.061,325.75488020442464,314.7758370897144
0.062,326.1291416634087,315.55525040505466
0.063,326.27430124218745,314.69470276132375
0.064,327.82842644140686,315.2171978400721
0.065,328.1415147200045,316.1163291576468
0.066,328.13030112624676,316.1101781458333
0.067,329.779976404894,317.8697148417487
0.068,329.69820165190583,317.3417631001446
0.069,330.7810644003089,318.66098199400994
0.07,331.7227517925483,319.1388907325821
0.07100000000000001,332.02558912654473,318.84501720859447
0.07200000000000001,333.13337160041857,319.5051051306038
0.073,332.5484239948429,319.6591151837036
0.074,333.9686785133621,320.391657609414
0.075,334.0261950006519,320.80163254351294
0.076,334.53363505717334,320.93784245277504
0.077,335.2793064270856,321.6939768735658
0.078,336.01184251984625,322.7472204316444
0.079,336.7937076923112,322.68775442050406
0.08,336.78010671759847,322.9419525010918
0.081,338.4091363266577,323.29111595199174
0.082,338.78651771189027,323.17388591012644
0.083,338.3793897615592,323.61981970236906
0.084,340.4842667820797,324.750088986593
0.085,341.27946303045803,324.3602980777942
0.08600000000000001,341.51098173940073,325.1199974193138
0.08700000000000001,341.42034817268006,326.6036143298946
0.088,341.56224963484067,327.38114688201955
0.089,343.2107176264649,326.05365022984864
0.09,343.0662753964489,328.16391991883535
0.091,344.4619226453611,327.7101621041505
0.092,344.53609776865716,328.2749334909095
0.093,345.4999255819518,328.69350391897024
0.094,345.767784175119,329.75942545522184
0.095,346.5191968858167,328.8853805492638
0.096,346.74575104540276,330.388440492103
0.097,348.20627707557264,330.160091215
0.098,347.94785898311585,331.39107012200645
0.099,348.6546508450877,332.3511603704541
0.1,349.9626501593288,332.05453230353976
0.101,348.9127540997475,332.7176460446486
0.10200000000000001,349.5150662746187,333.2119777601924
0.10300000000000001,351.19677610136205,333.0848020972928
0.10400000000000001,350.6853576623712,334.71853757433666
0.105,352.8016242983597,335.2947523088927
0.106,352.1789325790428,335.27185122652867
0.107,352.56595953121234,335.43764518576035
0.108,354.453102941328,335.6506612299509
0.109,354.7818191591515,336.04949324767375
0.11,355.5232417062518,337.699773882716
0.111,355.58834245374055,338.0336304451841
0.112,355.24851041514495,337.77707332561033
0.113,357.1758928554509,337.5017980941553
0.114,356.6265194778767,337.3589597916389
0.115,357.6993243726943,338.71676337689104
0.116,358.30720281787495,339.67695222656505
0.117,358.2894503413485,340.9266341025727
0.11800000000000001,359.2052645650086,340.3846973647474
0.11900000000000001,359.88848245631885,341.4473456501397
0.12,360.142625425611,342.33108582772917
0.121,359.929620365156,342.2284348560294
0.122,361.15121845667153,342.57769753552896
0.123,362.18593804358477,342.4793479373639
0.124,361.69397125067513,343.0173242750385
0.125,362.482810209532,344.3114390688079
0.126,362.8542836588914,344.48772948550186
0.127,364.50858491719197,345.1341816850403
0.128,364.4300522633159,345.5339213098572
0.129,364.80544692098056,346.3741607862072
0.13,364.7224289438479,346.1341316711602
0.131,365.8805434705331,346.84290373854685
0.132,365.7751468715747,348.442810443468
0.133,366.62748720226955,347.5786330953271
0.134,366.7907743856766,348.321302289641
0.135,367.94190914857666,348.6506933892166
0.136,368.3848557448404,349.6507833851925
0.137,368.48315511226457,350.4222808297397
0.138,369.27393223514827,350.14433402854
0.139,369.0159070084168,350.65972867116227
0.14,369.3012069334015,351.2175599269549
0.14100000000000001,370.7488235315474,352.10317985634566
0.14200000000000002,371.09265556449594,351.94935376629513
0.14300000000000002,371.8049303422352,352.61141537815894
0.14400000000000002,373.1549932483248,352.0931775284569
0.145,372.9095832906515,353.0677962812448
0.146,372.45277783661254,354.1813368924989
0.147,373.9374717140761,355.16485732763425
0.148,373.18872043094234,355.341287286254
0.149,374.0815352856559,355.1216285682887
0.15,374.74181026570193,355.44756927146034
0.151,376.09416327281065,356.71112546396074
0.152,375.32464022490325,356.2728577402355
0.153,375.74129666027966,358.107066202661
0.154,376.5607683832945,358.0802465377776
0.155,376.73172264692516,357.71817009371466
0.156,378.0782434762134,358.51170505651385
0.157,377.424428355071,359.10468254625533
0.158,377.83814166344257,359.5516872269552
0.159,378.6384696720527,359.66403627742386
0.16,379.05189764953525,360.4416501237048
0.161,380.70725331511795,361.0060041027211
0.162,380.6568191938861,361.4610162854927
0.163,380.6635629502322,362.848308737942
0.164,380.44281417958524,362.80361905733344
0.165,381.91153321953084,362.72064152548006
0.166,381.4211482183271,363.51520162356127
0.167,381.57886812525555,363.7071408329126
0.168,383.3733692863395,364.4604752966189
0.169,383.3640387174345,365.5109326376777
0.17,384.0903315700128,365.66114124769666
0.171,384.211731922724,367.138751042558
0.17200000000000001,384.9013900386554,366.64396425598324
0.17300000000000001,384.56621881367283,366.45834783313813
0.17400000000000002,384.7915268825464,367.7782436632659
0.17500000000000002,386.0645316726572,368.3706402421909
0.176,385.7352947328897,368.83412229902547
0.177,386.20367851230174,368.19533528113556
0.178,386.7303393287921,369.1230969793315
0.179,387.37470535241226,370.2163149940011
0.18,387.595046700205,369.26056192266816
0.181,387.48887326463455,370.3047503515468
0.182,388.2570820211251,370.2915282736235
0.183,387.86797869438345,370.98824777243203
0.184,389.6913414567389,371.39682901941484
0.185,388.97500844500496,372.9758479232452
0.186,389.61943288290024,372.6797720804294
0.187,390.59157975428514,372.810806263063
0.188,390.58788338885006,373.16908139911436
0.189,392.1196444772883,374.2010679057228
0.19,391.09049522656994,374.5669592064713
0.191,392.25755939356696,375.68579252937514
0.192,392.48983614419205,375.70392081623845
0.193,392.30921723015416,375.1770928789233
0.194,393.537041051758,376.0164964428929
0.195,393.5701300697953,377.30292755005075
0.196,394.420670218583,376.89315783151227
0.197,394.8237793092393,378.5056906417021
0.198,395.8692874302156,377.52285697377613
0.199,395.8299749027402,378.7907917087916
0.2,395.3495700070626,378.5052414221509
0.201,395.78533909725195,379.11129140592664
0.202,396.8241532011276,380.34449012472214
0.203,396.96968609547577,380.1596417115865
0.20400000000000001,397.32829603888945,381.0567383409609
0.20500000000000002,396.56438258249864,381.31235079979234
0.20600000000000002,397.72379117291194,381.8771835663345
0.20700000000000002,397.72850468447484,381.4795495110171
0.20800000000000002,398.59752954034826,382.23509286005924
0.209,398.76702922137656,382.97908238911504
0.21,399.6282299458537,382.7623314151563
0.211,399.6872933519049,384.42036170951246
0.212,400.2759083807633,383.6345700224621
0.213,400.0021200843554,384.28957972186066
0.214,400.1142254382304,384.351521283119
0.215,400.7310849239139,384.19718478687014
0.216,401.27581155624404,386.5801517748823
0.217,401.8206688760247,385.99118954952786
0.218,403.1060863913371,386.2798781602594
0.219,402.29921826663417,386.8137620386292
0.22,402.1848735889251,388.0311404679932
0.221,402.8309470149065,387.2455466271281
0.222,403.1118324874006,388.47357558301553
0.223,403.92267267808245,388.32638736389987
0.224,403.2484518754771,388.643231981413
0.225,404.38602482108513,389.6271765959218
0.226,404.76682350285597,390.2386402037001
0.227,405.1374780432327,389.8872315115952
0.228,405.054195519898,390.1582105225848
0.229,405.56401525714614,390.3553268984385
0.23,405.2997325176709,391.887652490713
0.231,406.0925618509828,391.44308332395076
0.232,406.39392947706153,391.1997403635167
0.233,407.19821083779414,393.22165880512324
0.234,406.73561489459445,392.2229116043016
0.23500000000000001,408.0265276163518,393.6875109532192
0.23600000000000002,408.7041028587083,393.7782142516847
0.23700000000000002,407.24151701174554,394.21795608064843
0.23800000000000002,408.8080120392485,394.16808773536724
0.23900000000000002,409.2504412920719,395.0281261490765
0.24,408.9091119972722,394.39527310783467
0.241,409.34378360147184,395.9057917904508
0.242,409.78932105460916,396.7716647459567
0.243,410.01896759270414,396.8153368833333
0.244,410.3242250543614,395.7424934354189
0.245,409.95037186832434,396.63787576755
0.246,411.6729623668954,397.41257623622124
0.247,411.94381607411594,398.1252125334517
0.248,411.3033289689763,398.2024646755241
0.249,411.2816040747575,398.38200816379623
0.25,412.57896127595734,399.2978674081702
0.251,412.3329614972447,399.9526729957296
0.252,412.99307928719395,399.62360840766445
0.253,413.06251278047796,400.47215763135483
0.254,413.8668541372775,399.18488421376617
0.255,414.1662069726613,400.37115206468735
0.256,413.7526275428221,401.04355548828295
0.257,413.7191905522738,401.322961881601
0.258,413.9137083196568,402.09548684254554
0.259,415.3035370599172,402.7965893877695
0.26,414.6959585803062,402.90245963697953
0.261,415.3278979309975,402.6962090779479
0.262,415.57295007186735,402.6029212460525
0.263,416.1335134847076,403.99855878083446
0.264,415.47924225656715,403.1555489511908
0.265,416.82825734718205,404.75450700818027
0.266,417.28120614241567,404.68590664274495
0.267,417.3477767303219,404.5431496580937
0.268,417.43134586677957,405.6244263575949
0.269,417.91763619921113,405.8278862605673
0.27,418.3495359915835,406.15834986645723
0.271,417.04372827800665,406.48066023346223
0.272,419.68693333239713,407.0774580969336
0.273,419.18192255076684,407.67363967738885
0.274,418.93752195804853,407.8022610677138
0.275,419.3440569851552,408.401356803729
0.276,420.0611744194762,408.2133648312433
0.277,420.0299891809667,409.3836184217564
0.278,419.3454095816034,409.1977092139281
0.279,421.6646871972129,408.9768862332432
0.28,420.8478428730762,409.0371800344412
0.281,421.6828606327,410.02123765530416
0.28200000000000003,421.0954041821265,409.5981096029677
0.28300000000000003,422.47727128893536,410.09653499368954
0.28400000000000003,422.11891212019987,411.0334427508316
0.28500000000000003,422.54582855593645,410.939457494512
0.28600000000000003,421.9834601181408,411.10507306688027
0.28700000000000003,423.37535831880336,411.88165381815105
0.28800000000000003,423.37741721034774,412.26122288559475
0.289,423.9451821103487,412.44679424721147
0.29,423.2409992898343,412.68460217303647
0.291,423.5743515459686,413.6232007696887
0.292,425.22568816788595,413.68843863511046
0.293,423.80163397904397,413.72570164979965
0.294,424.5206311108991,415.3886120511851
0.295,425.4130723179166,414.5712524315139
0.296,425.1485709689474,415.35707620410017
0.297,425.6453328789439,414.82617432782934
0.298,425.4073492805373,414.73964221435494
0.299,426.04439415851914,415.3385415291643
0.3,425.4574742976215,415.9125838336964
0.301,427.19025805310076,416.10931802149713
0.302,426.551653518536,417.3357157278567
0.303,426.5192814280244,416.9162723651826
0.304,427.44029351054473,417.5146701259472
0.305,427.1235742221039,417.5672130557577
0.306,426.93274195636775,417.67907233484715
0.307,427.1715586360818,418.2191240522891
0.308,428.43596344125973,419.36031177783434
0.309,428.2525670272619,418.42135799319067
0.31,428.5079013482889,419.4897628238681
0.311,429.35514797689945,418.8930911788908
0.312,428.4935167120351,419.4750035373801
0.313,428.9313778813209,420.0042279315294
0.314,429.343201565198,420.4621439451179
0.315,429.8208834890928,421.3359441894506
0.316,429.9898336183359,420.8636683511967
0.317,430.10383670521804,420.7601409195495
0.318,430.4519812196722,421.79912096275854
0.319,430.66381288906376,421.5830814902866
0.32,430.5914952235382,422.1744917403842
0.321,430.7777973671199,422.285945427093
0.322,431.55371677791544,421.66015804812906
0.323,431.202337802913,423.1727930442909
0.324,431.29963015432895,423.4960146114915
0.325,431.95185345160786,423.95225336752344
0.326,432.25804084905695,424.6727390097847
0.327,433.6932974791664,423.45745171904565
0.328,432.43983714005066,424.5946957098554
0.329,433.4902629169471,424.82147335549803
0.33,433.61786925655423,424.6866173103141
0.331,432.8746459096506,425.37299555646445
0.332,434.0797924159644,425.70150484017154
0.333,433.32448084415046,425.11853628432505
0.334,432.80930140960135,426.1261474566649
0.335,434.66372818879125,425.81816597530735
0.336,433.7035219490127,426.22431924925735
0.337,435.02705456072755,425.93493493138544
0.338,434.6789265805594,426.85666034185334
0.339,436.0692800500994,427.26156572385366
0.34,435.9915631868502,427.90726970721533
0.341,435.4476539001268,427.90076458530916
0.342,435.5467040357999,427.3961302103355
0.343,435.49910112606926,428.8642974793901
0.34400000000000003,436.10043964559975,428.63887199679084
0.34500000000000003,436.39473167528365,429.20628834931154
0.34600000000000003,436.56582159660167,429.70800794653076
0.34700000000000003,437.0390328637882,430.1982813863804
0.34800000000000003,437.46171098952345,430.72853712994925
0.34900000000000003,437.5583066058384,429.97175758884447
0.35000000000000003,437.21169945879706,430.42240444755254
0.35100000000000003,437.08443368828057,429.98564207553034
0.352,438.6944223489483,431.3126214617497
0.353,437.8755308420644,430.4453979911436
0.354,438.10148264837494,430.39026101028975
0.355,438.3736867861928,431.96215302827704
0.356,437.9186795975108,431.5392161908322
0.357,438.80644417432137,432.4410070065205
0.358,439.01010686507647,432.5074173170897
0.359,439.7639072088743,431.73859623747046
0.36,440.0060424952736,431.443019625921
0.361,439.8610806629984,432.5028675850379
0.362,440.52679898529084,433.3067739889518
0.363,440.4318379794745,432.9340537322251
0.364,440.4542990405746,433.46403192676934
0.365,440.74219550125594,433.3054733657576
0.366,440.7653054781934,434.36347734753514
0.367,440.8614205211399,434.5666127529701
0.368,441.1225065494366,434.5222349115843
0.369,440.88921340297577,435.7022685465094
0.37,441.7896060913035,435.99247454403996
0.371,441.3483127138626,435.7652114509118
0.372,442.46050521823724,434.8207359834325
0.373,442.1091038085984,435.4054063487557
0.374,442.45205519113864,436.3975357758831
0.375,442.867034407096,436.115003561645
0.376,443.1339178994492,436.4201441417931
0.377,442.2184325368169,437.34668003348446
0.378,443.0911174852333,437.3852424035671
0.379,443.82482793614884,438.0185962459394
0.38,442.7252013535295,437.3777369958974
0.381,443.9567594473953,438.509888743752
0.382,442.8235537271224,437.77425976515144
0.383,443.6276532456989,439.0292386427674
0.384,444.3451494562719,438.5596990664298
0.385,443.6837633085666,438.3029402359429
0.386,444.2050138021673,438.1431264143471
0.387,444.1468640619364,439.03267193474073
0.388,445.89122794752336,439.2790976995553
0.389,445.3330222201034,440.058988154849
0.39,445.71767269802586,439.79694545221946
0.391,445.5051829786409,439.8572517236708
0.392,445.621673761416,440.8323601121975
0.393,445.1714001564089,440.4009515541123
0.394,446.01434705032653,440.44392031953754
0.395,445.95953131793146,441.2371781453719
0.396,446.94863662172173,440.9219512293957
0.397,447.269010692084,441.7124203760726
0.398,447.60992438653307,441.2998801456884
0.399,447.48047873429795,441.7013470462568
0.4,446.93183828054464,442.1025747054974
0.401,446.8495762597529,442.05225737934774
0.402,447.9666151252402,442.444606960336
0.403,447.93659024957736,443.0702617547002
0.404,447.0487386816705,443.0782037398435
0.405,448.2847188526321,443.32295191549144
0.406,448.68761611162165,442.9735060563445
0.40700000000000003,448.48260763428505,443.9255836440265
0.40800000000000003,448.5328192276948,444.0410936669778
0.40900000000000003,448.3931378048361,444.4148651291242
0.41000000000000003,448.2447276128624,443.75501799265663
0.41100000000000003,449.5385959354506,444.2367223588327
0.41200000000000003,449.1537629653169,444.84367775573094
0.41300000000000003,449.36088344645367,444.42567381123706
0.41400000000000003,450.51269944588756,444.8194051307442
0.41500000000000004,450.1567390791801,446.09697166522244
0.41600000000000004,450.16748039972947,446.3107721663907
0.417,450.2201099664835,446.1549082222372
0.418,451.07552153162595,446.2035032088494
0.419,451.3411997356811,445.42308714130013
0.42,451.1114766224691,446.38672825711296
0.421,451.10259540177555,446.1478585797617
0.422,449.92838270497845,445.99433892784043
0.423,451.20119045801755,446.46457116537476
0.424,451.23736743076927,446.971599975888
0.425,451.51193708726225,446.83403008177305
0.426,452.0984732401076,447.0254985838406
0.427,450.4185534877635,447.88936238534535
0.428,451.664632052939,447.75709403581055
0.429,452.24459237182094,447.99272770588175
0.43,452.036027605985,448.1221543429555
0.431,451.72026753146247,447.91785053881387
0.432,453.0219345100332,447.75916747879467
0.433,452.88408480370225,448.78775734711564
0.434,452.41775848245055,448.5662513141833
0.435,453.217849037636,448.0009490676021
0.436,453.6278326191538,448.9959059186726
0.437,453.3757569745026,448.83121152932534
0.438,453.9289373934586,449.911061000171
0.439,453.7228047549087,450.006251126036
0.44,453.64055706121417,450.1768777678702
0.441,453.4124372550913,449.77819592183243
0.442,454.10263902354137,450.6580737000177
0.443,454.39569055183034,450.6330024033004
0.444,454.88888476215885,450.44843104283046
0.445,454.5453254009297,450.60617435857984
0.446,454.9829859716197,451.4579886319643
0.447,454.42286129065116,450.95293347356323
0.448,454.6642337523622,451.51897688966176
0.449,455.1502284173378,452.0608552315052
0.45,454.82747906737416,452.6745937917271
0.451,455.91378473072086,452.7272251502405
0.452,455.8835925459967,452.52038915124785
0.453,455.93944265804265,451.491037041585
0.454,456.11671681912765,452.0728119042663
0.455,457.10466085738193,452.3159670576894
0.456,456.0060873879097,453.5885938996545
0.457,455.28568706767845,452.5837048041436
0.458,456.6314555913593,453.29713086471645
0.459,456.6514127820944,453.3245068617198
0.46,456.5623770840262,452.9758797649158
0.461,456.47565842988837,453.80307242395514
0.462,456.8889317558019,453.9793751371748
0.463,457.3421669853471,453.3197585601023
0.464,457.1425804582373,454.7258584609955
0.465,458.7422281497057,453.23729587784555
0.466,457.19728475675123,454.15066346871095
0.467,457.4220387057954,455.09688091392366
0.468,456.8148742673914,454.1784857029122
0.46900000000000003,458.2250415076292,455.1138341158762
0.47000000000000003,457.2307407563398,454.453477726194
0.47100000000000003,458.10839291918165,455.2174753751846
0.47200000000000003,458.37899416105506,454.2688057068244
0.47300000000000003,458.3002092893128,455.1654890346166
0.47400000000000003,459.66228972421055,454.975777098187
0.47500000000000003,459.42736857500375,455.70620170042736
0.47600000000000003,459.72659729664804,455.8586989269869
0.47700000000000004,458.76221801178144,455.8881013776148
0.47800000000000004,459.9036656908904,456.78189915721254
0.47900000000000004,459.7228546295418,456.0969045733067
0.48,459.9955884673223,457.0143347032132
0.481,460.2591836552011,457.6679738634941
0.482,459.4242103428602,457.0784627225904
0.483,459.8001114172765,456.73509269866423
0.484,460.57679858568207,456.6936606002484
0.485,458.95047502331903,457.11724667724854
0.486,461.1672877794467,457.9776796709739
0.487,460.8190856520687,457.8557848668736
0.488,460.6511217636726,458.39843278472836
0.489,460.9152414608687,458.4666631559142
0.49,460.42059516196036,458.3027848093917
0.491,460.89072908427966,458.619426965265
0.492,461.74554519572087,459.46003322124096
0.493,461.97368206871244,459.38939178130704
0.494,462.8016184536149,458.67877281065404
0.495,461.5449482149185,459.47299861091375
0.496,461.38060844260923,459.41853059556206
0.497,461.58031405373134,459.8406810690823
0.498,461.455529412251,459.7546149832081
0.499,462.0523169516807,459.07748276122527
0.5,462.4088806493619,458.8999263689631
0.501,462.32624097648625,460.14072899238715
0.502,463.0169622468095,460.9498183334569
0.503,462.47668809691686,459.75422009950796
0.504,462.54465974735774,460.1910016140051
0.505,462.55192324410547,459.9096205927326
0.506,462.1499973862835,461.15831304842493
0.507,462.3057741316248,459.558176791732
0.508,462.6230099645109,459.7197522816771
0.509,463.9858229021568,461.17937709296217
0.51,463.90484934312275,461.0904446879393
0.511,464.2664033821734,461.0310212403861
0.512,463.03411085871437,461.2589706218208
0.513,462.8367942604103,461.81616843371205
0.514,463.6115643290666,461.4784022926932
0.515,464.1495851912221,461.2739471079497
0.516,464.43070279096844,461.49531107022966
0.517,464.8246257506706,462.5392246690296
0.518,464.56166296910493,461.9682288485879
0.519,465.4093437833953,461.67298961896705
0.52,464.5447969617485,462.55123225985125
0.521,464.31725609853896,462.8866433390994
0.522,464.0504893427073,463.4321195172441
0.523,464.56352368824264,463.0095763644317
0.524,465.2455887699781,462.7032490071436
0.525,464.7963009148427,463.40208501869927
0.526,465.824775682725,463.660143522431
0.527,466.17792518149525,463.4080790297828
0.528,464.4019395352777,463.53571021275997
0.529,466.13334688642567,463.81805924661023
0.53,464.6957238461658,463.78255410947344
0.531,466.1300992307692,464.0715375681376
0.532,466.6552287940648,463.5640329041821
0.533,466.1882866427684,463.62779232456484
0.534,465.62870163265944,463.9124918417794
0.535,466.0881420772817,464.77870598367235
0.536,466.36197152100647,464.7135709058925
0.537,466.5132347898314,465.2303838075047
0.538,466.614099337148,464.7425336155452
0.539,466.7714258415379,464.389197625028
0.54,467.0435568825024,465.65796077108234
0.541,466.4426110620096,465.20049452131053
0.542,467.0356016549904,465.97532990101627
0.543,468.02508972810693,465.75583216558783
0.544,467.1826191335589,466.6739589066174
0.545,467.2616428627248,465.5920897311471
0.546,468.1309162156289,466.27420273411104
0.547,466.4201206992654,466.3909271764786
0.548,468.3979378354366,465.7886279520229
0.549,467.59847340694273,466.1004394951521
0.55,468.10320878286575,465.57584639893486
0.551,468.17586805123534,465.65189965744105
0.552,468.70504917753703,466.608713366577
0.553,468.2057715552502,467.06061466168177
0.554,468.10595710730377,467.10135805323546
0.555,469.1989424116308,467.0701478167097
0.556,467.47263175943465,467.44898995983806
0.557,468.769235724793,466.83953654171245
0.558,468.1891078793445,467.1145831106599
0.559,468.5859390163946,467.7356360668435
0.56,470.0756635024572,467.69902406328316
0.561,469.1507023950841,467.4925250190448
0.562,469.3731565587721,468.3727384536267
0.5630000000000001,468.48711969532803,467.18063133769215
0.5640000000000001,469.11531716957654,467.681153943607
0.5650000000000001,469.6797166855731,467.9122280913671
0.5660000000000001,469.86007657201753,468.57520221566267
0.5670000000000001,470.0920631364634,468.2807110089064
0.5680000000000001,469.88851947159924,467.7609337315285
0.5690000000000001,470.2479579498198,468.7604221670982
0.5700000000000001,470.3112629134642,469.15851469367544
0.5710000000000001,469.2690847748541,469.09529794967136
0.5720000000000001,470.30170889578005,469.14571167416386
0.5730000000000001,470.7660774400856,468.0090520658057
0.5740000000000001,470.77565660665596,468.60592792745257
0.5750000000000001,470.3970491178961,469.40616324575086
0.5760000000000001,470.27409956619147,469.24652171454034
0.577,470.2153647254629,469.64368022218906
0.578,470.8062762163428,468.8572600975193
0.579,471.53530145561996,469.5673101139177
0.58,470.0894946066532,469.0103907295935
0.581,470.8317638666985,468.8352650143007
0.582,470.6878005916356,470.06641783370264
0.583,471.74585275860176,470.44584923551236
0.584,471.17157252765065,470.2529937628606
0.585,471.30844408887185,470.2189237870857
0.586,471.53000701006437,469.5592586973071
0.587,471.95558165993737,470.9477721946301
0.588,471.6307791958571,470.5267595394438
0.589,470.39767730389127,471.63223842751063
0.59,472.2858674405319,471.22690369430904
0.591,472.32688421203085,469.8560881826074
0.592,472.0904330761853,471.33869688761644
0.593,471.75071679634203,470.36504392464514
0.594,472.5608483742851,470.78532318047553
0.595,472.66649202709766,471.14107339116697
0.596,472.33346751908965,471.3204242584875
0.597,472.5514227100331,471.6668663179385
0.598,472.28571048621046,471.0569104040374
0.599,472.75219130982146,471.0928736334396
0.6,472.1566661434089,472.0680329468378
0.601,473.2306340401947,471.86024641765164
0.602,472.63958406009806,472.052831266368
0.603,473.32031442234677,470.9672097243912
0.604,472.58747780182995,472.0735243112862
0.605,473.08432971525235,471.8144064288799
0.606,473.41271697520995,471.8967737300493
0.607,472.72591976391897,472.91500955108376
0.608,473.7018574389044,472.00280255444466
0.609,473.5424303781671,472.1004281182713
0.61,472.94825452380843,472.57725304352283
0.611,473.2549484922704,473.063429788135
0.612,474.29597691580886,472.49145156563094
0.613,474.5277525997917,473.6453524563231
0.614,474.10028971683255,473.84767507325114
0.615,474.45460703324375,472.77614942153
0.616,474.449843621209,473.1881058949697
0.617,474.5881436225181,473.0147364238898
0.618,475.15144996093585,472.6544654543244
0.619,473.8398010694729,473.7414007211975
0.62,475.0160903791393,474.04908903954714
0.621,474.57113365745414,474.780279238321
0.622,474.73400610979246,473.4173583137866
0.623,474.7787284110272,474.62555838710307
0.624,474.8257186099891,474.7196586344989
0.625,474.48335508909946,474.2381139098575
0.626,475.27100685459635,474.53064032719703
0.627,476.0974168201769,474.7562336312989
0.628,475.31621174359003,475.3963541338842
0.629,475.4256445029324,474.7375853462547
0.63,475.16447301276673,474.5576601988866
0.631,475.5308984147278,474.2433653035473
0.632,475.90396061697254,474.9175044341984
0.633,475.5667273658334,475.3649959707767
0.634,475.6056481178021,475.0629645229832
0.635,476.1146152310932,474.6381212365571
0.636,475.53414556689404,475.1597234466778
0.637,476.19929431876074,475.137391333672
0.638,476.5628389113785,475.4208017021106
0.639,476.91201913367286,474.543655175074
0.64,476.26595643727694,475.7358047510557
0.641,477.07378524933114,475.84363841484344
0.642,476.98576825105016,475.853556506951
0.643,476.0487720323317,475.7141391359846
0.644,476.0159633812403,474.8976322162076
0.645,476.55024521296593,475.87520903628695
0.646,477.2947301509588,476.4991895287091
0.647,476.82139611619806,475.62242192450606
0.648,476.6342307607225,475.1411999195613
0.649,477.7874446121969,475.44859912730084
0.65,477.2312831677275,476.4586307993006
0.651,476.0037869593038,476.5704933812353
0.652,477.3986637058413,476.90933817928044
0.653,477.57584996472616,476.5203982642805
0.654,477.50412806303467,475.8794009174384
0.655,477.6914225193946,476.3015527244531
0.656,477.5079208920821,477.2011676942095
0.657,476.9571033186026,476.9426438713126
0.658,477.50544297131984,477.277664508734
0.659,477.292232787475,477.25020489457177
0.66,477.372668762388,477.0100992005526
0.661,477.2812572205733,477.10505437883063
0.662,478.21254258540574,478.19979773768097
0.663,478.1085080414182,477.55748416786156
0.664,477.908495318941,477.3644664552166
0.665,477.8806839834555,477.73479731832094
0.666,478.2661740681017,477.69658234948713
0.667,478.8897741922625,476.5842095168911
0.668,477.42011951767824,478.0654054898582
0.669,478.6824763253141,478.7280267769055
0.67,478.2927537094876,477.5043305992703
0.671,477.6946501449746,478.69812239136587
0.672,477.7351874307378,477.91902534031794
0.673,478.3225064558476,478.2702743423253
0.674,478.9592763263335,478.7345209781681
0.675,479.11644126240486,477.9148675363525
0.676,478.5205729413923,478.9713685266353
0.677,479.5684946223378,477.8179933587907
0.678,479.84116351898916,478.0622332357267
0.679,479.3971707285065,478.2774883095145
0.68,478.97265056200604,478.9794193179239
0.681,479.8995555134183,478.55187896105264
0.682,479.7838081278145,478.0359608853717
0.683,479.9083494436593,478.761047092766
0.684,479.214721220714,478.5503027586341
0.685,478.19375574847453,479.38089572769616
0.686,480.73728183537986,478.9162034375828
0.687,478.9410745824272,479.1955176599859
0.6880000000000001,479.79603209656034,479.0294426854687
0.6890000000000001,481.07146679557104,479.52093634560003
0.6900000000000001,480.11333687248964,479.28370009889835
0.6910000000000001,480.4894032377211,479.60936514070636
0.6920000000000001,479.3300910978144,478.22108449481624
0.6930000000000001,479.25874390195787,479.63716090376715
0.6940000000000001,479.9472933332082,479.8659936815397
0.6950000000000001,480.82486703466446,479.62964388789425
0.6960000000000001,480.1719957031032,480.13397389783717
0.6970000000000001,480.0132120774973,480.238322587347
0.6980000000000001,480.5747059736841,480.5906160751591
0.6990000000000001,481.08166503370563,480.0601546128578
0.7000000000000001,479.8829861488337,479.119838732601
0.7010000000000001,480.0647280240068,479.0027312023207
0.7020000000000001,480.33999333353705,479.4130548230946
0.7030000000000001,481.3457614707187,480.2632696324167
0.704,480.97975396517893,480.2715728309019
0.705,481.99210813363453,480.55610311382856
0.706,481.45773053336177,480.1728742885556
0.707,481.03522504633474,480.184523019761
0.708,481.748365944272,480.89732216643546
0.709,481.2844200497361,481.01454916100784
0.71,480.8888462121434,480.62481075037095
0.711,481.6437211792888,480.8002073828065
0.712,481.01778951727096,481.08767473277874
0.713,481.28276629129914,481.2035240736464
0.714,482.1536617875242,480.444960453426
0.715,481.5007295821956,480.72252709716105
0.716,481.2111944905764,480.5321698375454
0.717,481.4417868536308,480.9588849062838
0.718,482.2458378440913,481.6831677806568
0.719,481.51945608179443,481.6145680077038
0.72,481.662872553681,480.8565833914387
0.721,481.6615415311681,481.7257361309275
0.722,482.0688296089316,481.5762657001537
0.723,481.8441006486235,481.3498940397679
0.724,481.29570654478493,480.9569135554724
0.725,481.71261417712316,481.6357913050934
0.726,481.74919190706186,482.1260090905553
0.727,482.8964302612716,480.7670977154533
0.728,482.7400947510423,481.71297061163807
0.729,482.6861782564004,483.1003368089604
0.73,482.1984645744104,482.3714540018823
0.731,482.10164810969144,482.2267713593099
0.732,482.3139908583047,481.7897616309506
0.733,482.0998216644257,481.8804688803852
0.734,483.93218089134683,482.23905050606663
0.735,481.61854641750676,483.14296958198264
0.736,483.0806462625104,482.6349584191196
0.737,482.21360944511315,482.0264945048417
0.738,482.8607669299311,483.1111617158027
0.739,482.4758009028848,482.43645113638746
0.74,482.4376613405588,483.4911877804528
0.741,482.51286299843485,482.4187664389057
0.742,484.0167515604219,482.25977640856735
0.743,483.1288742406053,482.9078541460097
0.744,482.8684405802142,483.37062245972163
0.745,483.5849222645106,483.45689132047477
0.746,483.3677550438529,483.07626590283974
0.747,483.77796398711786,482.56091471218497
0.748,482.5610012327608,482.86037846394754
0.749,483.67993031222187,482.16178718095733
0.75,483.9692915353056,482.7720409442134
0.751,482.8067782949451,483.1968419938359
0.752,483.9161265808932,483.5378360298172
0.753,484.5943900031248,483.2306690030933
0.754,483.7929600263096,483.4287652597403
0.755,484.2650014924057,483.3158188770095
0.756,484.24331397896066,483.945880018829
0.757,483.60782731634157,483.1770663832826
0.758,484.03483672044194,484.10145277375
0.759,483.2846515559231,484.71897642234575
0.76,483.89551591257367,484.0305900323739
0.761,484.3068534893836,483.58611132685274
0.762,484.588225958021,483.6367874741657
0.763,484.2914727070145,484.5649108023662
0.764,484.69147475024465,483.4515720952809
0.765,483.83217190863144,483.5926449248503
0.766,484.3847449765908,483.5418096795053
0.767,484.49702895144145,483.5390709340971
0.768,485.46380815020643,483.7100215477622
0.769,484.4833806626995,484.6812926622826
0.77,484.3922359039582,484.89120131109456
0.771,484.7035294053189,484.04505340311255
0.772,484.28423654785183,484.55059766249036
0.773,484.89094014442344,484.8796611804871
0.774,484.66263659831367,484.60332936186666
0.775,483.999933018849,484.1283532204774
0.776,484.9165682637911,483.9232146969793
0.777,484.8371874578361,485.2160346344418
0.778,484.22967809505053,485.0111308842717
0.779,485.0620872409288,485.10355516793186
0.78,485.8899312554704,484.3131062297852
0.781,485.45533904014604,485.03608784173974
0.782,485.54992013882054,485.2845863974275
0.783,484.62231358864335,485.17840936170137
0.784,485.5804531232446,484.70000582701493
0.785,485.46500783920595,485.6295925241115
0.786,485.7039224420007,484.41041164270814
0.787,485.6991691129841,485.6891851141135
0.788,484.8562581622447,485.8157505162042
0.789,485.56358112245124,486.11161862048283
0.79,485.25331891662444,485.20426147404896
0.791,485.6550254668976,484.92567052030495
0.792,485.2790210978334,485.8720281804121
0.793,486.43145220181435,485.1750079982287
0.794,485.39306821860424,485.59596685371713
0.795,485.42026319294763,485.4644179225121
0.796,485.954050320972,485.221120099832
0.797,485.42507394033026,485.8814906402257
0.798,485.7980022128646,485.0736461807318
0.799,485.6419065052458,486.11424926247554
0.8,486.808874844216,485.38300284867535
0.801,486.54243631797925,485.04875501474226
0.802,486.16689133565393,485.9375502100752
0.803,486.0459558694345,486.2262357037879
0.804,486.75780862433015,486.346533127643
0.805,486.5355849084839,486.5147225849117
0.806,486.6274902588794,484.97603887094
0.807,486.4106977685037,485.69743428720165
0.808,485.62485785015275,486.3003147795924
0.809,486.4577684979692,487.05330771436223
0.81,486.29263530365336,486.73233168778347
0.811,486.92613732157776,487.33761936751813
0.812,487.15411146763654,486.17080667198104
0.8130000000000001,486.3636469352165,486.6166496687336
0.8140000000000001,486.97109941517266,485.97545890291343
0.8150000000000001,487.6489832634616,486.3691102801201
0.8160000000000001,486.491177487594,486.2493201588791
0.8170000000000001,487.7098384067461,486.34549545609116
0.8180000000000001,486.4862823947896,486.51112772488307
0.8190000000000001,486.96760755632107,486.7544148770842
0.8200000000000001,486.9939622952391,486.80920817052936
0.8210000000000001,487.0485475186498,487.1147167838009
0.8220000000000001,486.66707804103186,486.9577156008
0.8230000000000001,486.83330100829323,486.7602735135162
0.8240000000000001,486.8378648977103,486.71542625376304
0.8250000000000001,487.3778962778464,486.8674136724553
0.8260000000000001,487.42198040962273,486.84057035455777
0.8270000000000001,488.4123412962782,487.35452980135244
0.8280000000000001,488.0271287886881,487.5856087419841
0.8290000000000001,487.12883716640283,487.83351737927995
0.8300000000000001,487.58817791223504,486.84114034883066
0.8310000000000001,487.9661466931134,487.5180226765791
0.8320000000000001,487.52459395980884,486.6291903543369
0.833,487.5160388133567,487.55616047883086
0.834,487.6180753008577,487.953802093646
0.835,488.06721650311613,487.3804144757176
0.836,487.2505708777565,488.03412151568034
0.837,487.55291240373714,486.9709653622102
0.838,487.9918432139093,487.13822454700926
0.839,487.95309363924434,487.55679278813733
0.84,487.95776935679794,488.1778065790249
0.841,487.693550129812,487.49984407666835
0.842,488.40505665608913,487.52349390561767
0.843,489.0259266944036,487.29602271136565
0.844,488.2022703344295,487.9346991634777
0.845,487.9424109064021,488.49788380944756
0.846,488.45667316781186,488.2660102670205
0.847,487.8489080101057,488.30498641540464
0.848,487.7831684410336,487.8940221532709
0.849,488.21382569126706,487.7565609626668
0.85,486.94529956214666,488.41740332138164
0.851,487.6988685515388,488.1032485336904
0.852,488.14087838871137,488.07268316551347
0.853,487.67705063304237,488.648750823975
0.854,487.87617985087167,488.14074054581437
0.855,488.2127545977284,487.860610940206
0.856,487.6481449385165,488.77381966303363
0.857,488.3049623879785,488.3991737590956
0.858,488.2786062130637,487.87975009730275
0.859,488.59705964211236,487.8811258357606
0.86,489.19943795268273,488.5244622934786
0.861,488.7464606242719,489.68450281485593
0.862,488.70847590510203,488.3582938628746
0.863,488.78528302050887,488.4253384614342
0.864,488.8867379142184,489.39399775376415
0.865,488.30203319067255,488.64197434657916
0.866,488.790251509733,487.98475082184945
0.867,489.0391275327832,487.96082233567665
0.868,488.23636115535186,489.3986563428648
0.869,489.39143374883474,489.15647338879955
0.87,489.5360387611692,489.27419918150076
0.871,488.71628393023934,488.8699671839306
0.872,488.94780234021323,488.57306798860526
0.873,488.66575391254895,488.86529085938105
0.874,489.49079611453675,489.0792067913925
0.875,488.6466308614736,488.62922519090637
0.876,489.1020193777429,489.3661665990777
0.877,488.81969395205425,488.4925761919958
0.878,489.3104076118632,488.9927997479514
0.879,488.42347334686974,489.093852732957
0.88,490.0193576511401,488.88689744820755
0.881,488.9092441981917,488.1660789692366
0.882,489.45679745877976,489.5290648349968
0.883,489.35577382063644,488.9634274992439
0.884,489.1160462227119,490.04020471026286
0.885,489.0881648455344,489.2422828700032
0.886,490.035089308715,489.17839337069324
0.887,489.33878893846753,489.5305096211168
0.888,489.77179798620796,490.04702077878426
0.889,489.2699529553674,489.2740265489839
0.89,489.3814844148536,490.09840636702114
0.891,489.9754580490296,490.346374584081
0.892,490.23868405643077,490.15644795794594
0.893,489.71985331220117,490.50944507068857
0.894,489.13047003128963,490.37737452852986
0.895,490.8742135863826,490.52319471307277
0.896,489.48065397308295,490.60249906251755
0.897,489.17171588374305,489.93883372450034
0.898,491.27319108267386,489.654531216888
0.899,489.80732046781037,488.77224713439216
0.9,489.31171708795176,489.2761101825067
0.901,489.7339997268668,489.74732556274955
0.902,490.2925179654844,489.8144724918115
0.903,490.23681729949226,489.9626991514552
0.904,489.74860338705463,489.57235618031217
0.905,491.11852707703264,489.308371774847
0.906,489.97896391888395,490.07455768198
0.907,489.6798904953256,490.078253930007
0.908,490.7849524350599,489.802364860813
0.909,491.00140137675277,489.8681305577252
0.91,489.96028025319305,489.80207927957264
0.911,489.7004029921817,490.1067332315679
0.912,490.9482389534184,489.9095682087777
0.913,489.44119489344195,491.00026921030707
0.914,489.8832768035445,490.52332963778446
0.915,491.0119360471345,489.94906024720063
0.916,490.53205679396854,490.32727185790753
0.917,490.4591795967973,489.90951849505086
0.918,490.79886723377217,491.0378004001918
0.919,490.577278182413,491.25575437015925
0.92,490.03542464774847,491.22149694995613
0.921,491.3538047930605,490.0548751821474
0.922,491.4091700987606,490.6132045070847
0.923,490.8801224908017,490.48956056835743
0.924,490.83071387972,491.00275210671407
0.925,492.00854780562247,490.2490824452237
0.926,490.73100571811653,490.4462758239337
0.927,490.769818933878,490.60869039579313
0.928,491.11213221737194,490.9229136810613
0.929,491.69573595906934,491.224198015631
0.93,491.786543302127,490.74352808838296
0.931,490.8908544429408,491.270527181945
0.932,491.2041894387156,491.38013034491536
0.933,490.39076569430244,490.8929272585338
0.934,490.95350387205764,490.40704408287814
0.935,490.71893244237924,490.4745121881566
0.936,490.6651490227359,491.3861013551361
0.937,492.03874238809647,490.88215283569144
0.9380000000000001,490.8311020290046,490.293874621457
0.9390000000000001,490.9906362601846,491.4864871051475
0.9400000000000001,491.46846031115535,491.2745075941357
0.9410000000000001,491.96344842572154,490.5363643444874
0.9420000000000001,491.5839967247292,491.85857392769236
0.9430000000000001,492.751923903266,491.71659684459667
0.9440000000000001,491.3636236773603,491.39696561216044
0.9450000000000001,491.55893166136576,490.7196470180166
0.9460000000000001,491.5958943255047,490.6847550876103
0.9470000000000001,492.2040443185699,491.26140005516754
0.9480000000000001,491.768470142643,490.5868911949217
0.9490000000000001,491.4849725788561,491.67520461682517
0.9500000000000001,491.09748592735673,490.7959697650139
0.9510000000000001,491.72150109505657,491.61245642890384
0.9520000000000001,492.32790758315787,491.414455030418
0.9530000000000001,491.44990703991806,491.9428364807687
0.9540000000000001,491.9473397935835,491.1462958826395
0.9550000000000001,491.83361951330306,491.78036332705335
0.9560000000000001,492.16989097723086,490.97421085991175
0.9570000000000001,491.3632480078084,492.09744186050887
0.9580000000000001,492.9663506299786,491.6701264449756
0.9590000000000001,491.1807576087668,492.00337736092484
0.96,491.66478277929417,491.1229388445454
0.961,492.3437341736402,492.06039827756933
0.962,492.0500937866753,491.9915179257037
0.963,492.34366959599384,492.0477310622856
0.964,491.70748498371444,492.04957111961664
0.965,491.94490391029234,491.82380068468126
0.966,492.0151035585067,492.5683675207117
0.967,492.82020974960176,491.89686132813097
0.968,492.4072983362404,491.6322255854862
0.969,492.48683556050855,491.9993547348561
0.97,491.7858642364109,491.58027461161487
0.971,492.6255087649261,491.8502595569215
0.972,492.28001111856986,492.0202673994845
0.973,492.88785875453334,491.94565566305965
0.974,493.2262952424562,492.26158267325224
0.975,492.09177489234156,493.16112596327554
0.976,492.067812665247,492.4999913540607
0.977,491.8646623065327,492.77684827727575
0.978,492.25053002512925,492.0149354234613
0.979,492.15685672754284,491.99928517027666
0.98,492.5530862988516,492.12961876100235
0.981,492.32643059660984,492.7709784130234
0.982,492.2432098116629,491.29621262654393
0.983,492.98151328912604,491.8793397107538
0.984,492.005407976656,492.4726527950003
0.985,492.71594582133565,492.33491430949204
0.986,492.32138139332096,493.4562141104497
0.987,492.9114138584746,492.7214931140253
0.988,493.2666549419133,492.1917717859461
0.989,492.44718709324064,491.75919404300026
0.99,492.84388248845954,492.40276199944356
0.991,492.7373103196984,491.94639108625114
0.992,492.2726688489655,492.856250534337
0.993,492.81715854725985,492.7282177213476
0.994,492.8656286413719,492.832385444518
0.995,492.95172651803466,493.7365785927314
0.996,492.670233770361,492.2677942104667
0.997,492.8405911400153,492.64977849136193
0.998,492.2436712160139,492.164092863499
0.999,492.66232154322375,492.75433865661853
1.0,493.14318227287964,493.61547923106116
1.0010000000000001,493.33518095298047,493.1273257503721
1.002,492.7014506615861,492.80976106388573
1.0030000000000001,492.98855040368085,493.01677794283484
1.004,493.0737268798852,492.3094117137349
1.0050000000000001,493.083868793268,492.74176815927257
1.006,493.27686624971284,493.00497583747966
1.0070000000000001,492.12071357302676,493.03569441475736
1.008,493.02828583690047,492.24422878896394
1.0090000000000001,493.1955829666837,493.19682189046006
1.01,492.5989423528725,493.19600211702056
1.0110000000000001,493.95906506536477,492.89119229707006
1.012,493.22574010837536,493.10504016695694
1.0130000000000001,493.949474942871,492.38436267291814
1.014,492.79524724121404,492.40928771528644
1.0150000000000001,492.7595192119425,493.2395277937825
1.016,493.3478804943493,492.861243047277
1.0170000000000001,492.4189201551482,493.2121694763242
1.018,493.38818217621935,493.66045755198695
1.0190000000000001,493.35166938218,493.17643488686144
1.02,493.8331783816012,491.88067638767956
1.0210000000000001,493.69807822306814,493.2332173551591
1.022,493.16095677300217,493.0904793863491
1.0230000000000001,492.8430113458015,493.23603517457724
1.024,494.2699030840429,493.8255527097608
1.025,493.03961058256067,492.60865142472954
1.026,492.9347504965988,493.5420485705338
1.027,492.93685673323233,494.22730074526095
1.028,494.05963695601304,493.1511808146125
1.029,493.263161519874,493.72224521130005
1.03,493.1673147417034,493.9910886274122
1.031,493.63449550882416,493.6348317601377
1.032,493.48359036875286,493.2088739443969
1.033,493.26935586679195,493.2182946719251
1.034,494.00666918594504,493.9665146020964
1.035,494.1835302722263,493.91217527929
1.036,494.16465980836637,493.24427985039443
1.037,494.0765191052071,493.07061817378354
1.038,493.9153601751642,493.0397197086525
1.039,492.847021704787,494.5321451846089
1.04,494.59043979149806,493.68847100651
1.041,493.92758829705673,494.92361054657226
1.042,494.1013820601561,494.0422503657077
1.043,494.375426243331,494.0051489075243
1.044,494.5551938791722,493.9593632909151
1.045,494.0682207182173,494.3265706375425
1.046,494.09723064382445,493.3646623960328
1.047,493.60021327090936,494.948328673786
1.048,493.9366703508308,493.8387294978851
1.049,493.5132773561936,493.55766887394805
1.05,493.6005529023936,494.08106857513576
1.051,493.5338340437544,494.49630748999397
1.052,493.9226404937562,493.4666416561795
1.053,494.54516356802486,494.2740661256778
1.054,495.626002457816,493.65255324765894
1.055,494.15509677043826,493.777714225913
1.056,493.40590629202217,493.80611746480173
1.057,494.7323046084292,494.4525693404472
1.058,493.9690555551202,493.5361346605331
1.059,493.80871240664567,494.20678422087326
1.06,494.26344553072744,493.9585053265861
1.061,493.55764767468867,493.72628044806186
1.062,494.3085660497329,493.56272843117057
1.063,494.1724567252252,493.58758441349715
1.064,494.28507919971975,493.3916027876058
1.065,494.4457800871378,494.6759907203859
1.066,494.30793596973996,494.1264212037773
1.067,494.30141314404955,494.3458489734811
1.068,494.45439221386755,494.8748277022621
1.069,494.5388629223422,493.69481946696976
1.07,493.83428604680785,493.8531854718355
1.071,493.65383353776076,494.4703318045289
1.072,494.35674946249543,493.449885672635
1.073,493.68987770464815,494.0914585128389
1.074,494.46862599318797,493.93718968317637
1.075,494.9127865575907,494.58315724168233
1.076,494.76546007778416,494.2241844587231
1.077,493.95624862600187,495.4598001924954
1.078,494.06857086131043,494.94324140770203
1.079,494.6811598670429,494.0661838739223
1.08,494.3346065270209,494.31759123404254
1.081,494.39511327263534,494.3558381913447
1.082,494.8700191339494,496.2012379909302
1.083,494.09598720374026,493.8111094509422
1.084,494.40701773735617,494.68617588134106
1.085,494.22553848086216,493.5603252362126
1.086,494.1218998806151,494.6171465827186
1.087,494.2327509288831,495.5935735217386
1.088,495.017787182396,494.4523526110419
1.089,494.72267324528787,495.22674898218025
1.09,494.27483076401745,494.6592451705844
1.091,494.616449573681,494.49882421314373
1.092,493.9301274895506,494.6019561635339
1.093,494.4003471663326,494.45198398215115
1.094,495.8592051200882,494.4499975268969
1.095,494.7566522593618,494.11546141648813
1.096,495.1849022211087,495.55143175324343
1.097,494.803569577486,494.6189069671658
1.098,495.02758201577694,494.9796873100468
1.099,495.2022528926565,494.4118306342547
1.1,494.335385005572,495.4258298623762
1.101,494.88923782873525,494.74773653474074
1.102,495.7110945931664,494.85611994935147
1.103,494.54081133346733,494.00421204328535
1.104,494.6721850558874,495.13369496101495
1.105,494.81834666720255,495.85840881730377
1.106,495.12343580100617,494.53500909364624
1.107,495.26805847607795,494.7572682405104
1.108,495.6559256580933,494.43399897388656
1.109,495.2885339251097,495.08446357591464
1.11,495.0242680984857,495.06855971826803
1.111,495.70133313796146,495.4056970891561
1.112,495.44020523759235,495.34544621263774
1.113,494.3566555455774,494.6799484911756
1.114,496.3839706065051,495.2151219798137
1.115,496.02198414949714,494.9548834000088
1.116,495.0690992799486,494.589848210255
1.117,495.3582905248074,495.08821244524876
1.118,495.84759025742704,497.0686912982639
1.119,495.1153323990729,496.3416126314717
1.12,495.582577286125,495.27005223938056
1.121,495.7856060831895,496.0856248599005
1.122,494.74176638479486,495.20950776495386
1.123,494.96382311717036,495.2215795298692
1.124,495.741450336872,494.2892583048041
1.125,495.5268580343304,494.79983334551684
1.1260000000000001,495.77400147198335,494.90392504092364
1.127,495.26141949276683,495.36516953079763
1.1280000000000001,495.19874928841807,495.3340846044719
1.129,494.3594288081995,495.0532506452126
1.1300000000000001,494.80119341531326,495.06389204790844
1.131,495.41312036056445,495.29074643000575
1.1320000000000001,495.817208380819,494.69858922579436
1.133,495.6858103557123,495.0983957066527
1.1340000000000001,495.37134070034887,495.22943804855623
1.135,495.3147657018855,494.8109247523805
1.1360000000000001,495.57438055084407,495.2855449238529
1.137,495.5199851943052,495.04847353304575
1.1380000000000001,496.198191017958,496.0987303239255
1.139,495.58412725704727,495.37424818663345
1.1400000000000001,494.78522262316125,495.41643732730296
1.141,494.90445555631334,495.740233584267
1.1420000000000001,496.3149537644327,495.8196625251308
1.143,494.9847839547824,494.6879659400604
1.1440000000000001,495.9673537833506,495.38255307500503
1.145,495.4656105061131,495.1312372373212
1.1460000000000001,495.52956065245087,495.5279267038617
1.147,495.5619676052019,495.34705431596825
1.1480000000000001,496.25427210715776,495.70841455357623
1.149,495.5616559392745,495.15426010918543
1.1500000000000001,495.6558661945991,495.37516685393524
1.151,494.92152498669867,495.3779823839449
1.1520000000000001,495.80462496754086,496.22932081581166
1.153,495.9811061778539,495.88644120773023
1.154,495.8494153227064,495.9012494810339
1.155,496.4430008246925,495.5879634033299
1.156,495.78580124495454,495.5530328666442
1.157,495.92182003805056,496.0401144828929
1.158,496.6106520834051,496.1625034124449
1.159,495.02541493404493,495.7954855695911
1.16,495.5864846432502,496.3728143678651
1.161,496.54140547483956,496.4530987765782
1.162,496.3102731026841,494.99765592181154
1.163,496.19523480991546,496.0591310346527
1.164,496.28616031819854,495.8365304113499
1.165,496.0471123502266,496.06581885843565
1.166,496.71307651857563,496.44345924322147
1.167,496.0998103629683,495.4389520361358
1.168,496.04447187019395,495.1027879739166
1.169,496.01757991049743,496.47967859567103
1.17,496.04804967513536,495.44095245471203
1.171,495.3865811988052,495.61065117855077
1.172,496.3638536759161,496.0695919369949
1.173,495.9266799080749,495.6377056864054
1.174,496.91619541568576,495.19808109639655
1.175,495.9807063369586,496.0246659690921
1.176,496.2422401812541,495.6301684458462
1.177,496.16828750784316,496.3331355726279
1.178,495.7453693280635,495.79441753521223
1.179,496.5673338923807,495.7164383968766
1.18,497.0368712782543,495.9688224747917
1.181,496.08998132061316,496.61301653716504
1.182,495.96011764751864,496.55396482088605
1.183,495.9457865663527,495.56642874718574
1.184,495.19002080231274,497.525880947911
1.185,496.0601530630756,495.97608062168234
1.186,496.2873737906171,495.5756591042859
1.187,496.70202614700946,496.6088378207713
1.188,496.66740100283727,495.996697273729
1.189,495.991815176368,497.26716189963315
1.19,496.0742985839775,496.6267320798636
1.191,496.78726601690823,496.1163509944211
1.192,496.15114275729627,497.01600477636663
1.193,495.9953794762523,496.66550691255236
1.194,496.95913134881675,495.63905737146945
1.195,496.7941013119096,496.7102155255515
1.196,496.29709934305333,496.0202462317293
1.197,496.003168444278,496.24925641602755
1.198,495.306429619029,496.36883465561476
1.199,496.6194932182128,495.87610570553625
1.2,495.8886873535651,495.66128740259916
1.201,495.36769630822613,496.52411406850035
1.202,497.15362210841175,495.65832766573766
1.203,496.69730484116315,495.0770244246816
1.204,495.81588565354673,495.95871336927104
1.205,495.79021770069664,496.5544120649365
1.206,496.844887896609,496.2659843579502
1.207,495.9823704150849,497.0465089913738
1.208,497.081339612193,496.51679852839055
1.209,496.75336365938676,496.0537050146106
1.21,496.72526208945163,496.22896606208997
1.211,496.6711020159626,495.7423452273378
1.212,496.5762309470526,497.0153327974512
1.213,496.9324732279815,495.7936627637785
1.214,496.2768505890895,496.03574809071944
1.215,496.5585010533226,496.42750850893265
1.216,496.903093940276,496.52048870987295
1.217,496.8201724979762,495.77960823370313
1.218,495.95270276911964,496.08974786780175
1.219,496.3114715399815,496.6865795609178
1.22,496.6995201245897,497.1304257099653
1.221,496.380514939107,496.75153198985225
1.222,497.483217546071,496.5755530449557
1.223,496.4106398166642,495.81864294483967
1.224,496.5373976410776,496.3025273236234
1.225,497.0144748325969,496.88325873134966
1.226,496.80624154661757,497.1742601172044
1.227,496.57951605535527,497.0897120943939
1.228,496.2850474301419,496.72525963525595
1.229,496.82515505936027,497.269686161527
1.23,497.205013135762,498.11924096973655
1.231,496.93604258432947,496.392667037086
1.232,496.3183965626129,496.31909030184494
1.233,497.58683256939145,497.4709028162717
1.234,496.00607645169083,496.8403698446324
1.235,495.94890654119365,496.7897308545377
1.236,497.23137572022324,496.9406669270626
1.237,496.87482899423975,496.4281027123391
1.238,496.4979351499039,496.24877809687814
1.239,496.2341388682993,496.38839545482807
1.24,497.95452822097286,497.4106996273686
1.241,496.8633421858354,496.0801273975125
1.242,497.0825302813129,497.05846034725454
1.243,496.9849698064931,496.54093877436657
1.244,497.0539935323259,496.6537128466218
1.245,497.1171639302701,497.21244999339143
1.246,497.22382081936246,497.2735117238197
1.247,496.68045481309093,497.03351296609367
1.248,496.7326674199817,495.935937083567
1.249,496.0183647251692,497.6684163934377
1.25,496.5090770742129,497.5484344475864
1.2510000000000001,497.0451043707609,496.94942189937126
1.252,497.4423440169742,496.9191649469024
1.2530000000000001,497.2296022249783,497.8250585777845
1.254,496.76995231219115,497.4082095407178
1.2550000000000001,496.31889405371146,496.9301792481592
1.256,495.57194907908195,496.80885188650655
1.2570000000000001,497.54661001040284,496.86841328894985
1.258,496.6862092425312,497.56392445274173
1.2590000000000001,496.7666383990231,497.5053969751759
1.26,497.06667161761845,496.1887484252735
1.2610000000000001,496.3080850179721,497.2378062839092
1.262,496.84592114697347,497.44753732280833
1.2630000000000001,498.04246230515776,496.27220317951026
1.264,497.2933009008439,497.03387713803744
1.2650000000000001,497.2300802289236,496.1567292204726
1.266,496.26902385804146,497.11985582254954
1.2670000000000001,498.1918548270037,496.0233175175361
1.268,496.3684066530913,496.7338544651433
1.2690000000000001,498.0506842661671,496.77895393405515
1.27,496.041679323215,496.7397889621635
1.2710000000000001,497.811543261475,497.8296722887242
1.272,497.92750876411463,497.3813255102405
1.2730000000000001,496.71586613955105,496.9234153871575
1.274,497.34891804659617,496.6662582449384
1.2750000000000001,497.42089350259187,497.02297422007393
1.276,496.74974963267607,496.63733908105377
1.2770000000000001,496.44155013383295,497.64793683575755
1.278,496.51668084483265,498.169249292512
1.2790000000000001,497.45544282066055,497.7069039958427
1.28,497.1517488252103,497.35555537870755
1.281,496.921492851208,497.11627048418416
1.282,497.6963330441727,497.00587501808326
1.283,497.4762576967536,498.0903824591873
1.284,496.85373621813363,496.9390532077522
1.285,496.64007989956593,498.0168200625002
1.286,497.51149394704424,496.679719974319
1.287,496.9902232549409,497.10656172265095
1.288,497.3177387765872,496.4068064554015
1.289,498.0653768836677,497.3525784054671
1.29,497.5374523163661,496.65019350161606
1.291,496.8641853430452,498.123647581336
1.292,497.3846500323837,497.5062942395639
1.293,496.8369676035837,497.57786146573744
1.294,498.12649194812275,497.4594771702353
1.295,497.0503525324854,496.7808123582638
1.296,497.4436586639058,497.3980567968998
1.297,497.5027414055662,498.263423053274
1.298,497.4373227232499,497.3580154980034
1.299,496.3872160233871,496.85405562947426
1.3,496.6520437196117,496.44518856678087
1.301,497.15781370059784,497.023463133915
1.302,497.5524102750093,496.5077495827076
1.303,497.33248130107177,497.81283088565334
1.304,496.93144484782664,497.796834869727
1.305,496.7444253234305,496.9770603226038
1.306,497.22644892749827,497.73051295198843
1.307,497.20155130777886,497.1438871923276
1.308,497.7007406980297,497.41787085520014
1.309,497.2896679808249,497.6351906037632
1.31,497.76265748084313,497.23573910501614
1.311,497.1724270007291,497.67529861179867
1.312,497.35019317004867,496.6317823824444
1.313,497.31254091356374,497.54180510970826
1.314,497.10374479157144,497.4739846456187
1.315,497.8158239407206,496.47662905775485
1.316,497.10477520990736,496.60331752112785
1.317,497.25903340020767,496.58670992309936
1.318,497.4915477217556,497.7319064620317
1.319,496.88764364079043,497.59498648201094
1.32,497.38206453954956,497.6782114783068
1.321,497.19705010577627,496.8862419552201
1.322,497.36677026413327,498.12708920182376
1.323,497.5390003320442,498.0571666770127
1.324,497.17709748328224,497.1903810878214
1.325,497.475079444771,498.16998214110805
1.326,498.2474879186312,497.4645531527473
1.327,497.5882637283384,496.70994722917504
1.328,498.18177690521645,496.7897108806971
1.329,497.79034928588015,497.980901753297
1.33,498.01211213928775,497.56997066278143
1.331,497.2457057309346,498.0705360030748
1.332,497.69326587806006,497.5936389217281
1.333,497.71561962380105,497.7795364667583
1.334,497.3501750340427,498.7153134382064
1.335,497.2528724432723,498.35979773643857
1.336,496.92692666100976,497.45275637180276
1.337,498.42787605695185,497.86442511753154
1.338,497.2013258973577,497.93190824907754
1.339,498.36833328803834,498.07309999436364
1.34,497.4691459653317,497.7356018940901
1.341,497.2792901795916,497.4609989317517
1.342,498.0294152383965,497.7135951850217
1.343,497.41015318231103,497.4828792328982
1.344,498.01754682810963,498.572297165536
1.345,497.57445451629843,498.35854201052496
1.346,497.9885905752858,497.6439114621098
1.347,497.271778205734,497.9673799816372
1.348,498.17901474235316,497.6779939829683
1.349,498.0147686785559,498.36480891538906
1.35,497.31837534694847,498.3000683906347
1.351,499.1070622205606,498.0673484703956
1.352,498.0630249367968,498.22606533066124
1.353,498.9455414997538,498.1280840452083
1.354,498.6077619737094,498.3921703999807
1.355,497.7205064143618,498.0780214609385
1.356,497.61605938865705,497.895697891807
1.357,497.62771293788467,497.53840230239376
1.358,496.9216514006893,497.048382948267
1.359,497.495947225466,497.82755312708633
1.36,497.97442294928817,497.47814442982093
1.361,498.6211699925417,497.88584756911587
1.362,497.47893274751385,498.4332341275736
1.363,498.3134507468846,497.95652525429324
1.364,497.2532058948791,497.66971128360944
1.365,497.5933991103484,497.4577232907968
1.366,497.664771900434,497.1762718447528
1.367,498.0865074083995,498.5647704019847
1.368,498.1362430344155,497.01702703044595
1.369,498.3957221778252,497.44496243105306
1.37,498.3069097083096,496.76271105885263
1.371,498.0499921639341,497.76817607498697
1.372,498.1304843384032,497.7620162538568
1.373,498.736438081502,497.7378999058331
1.374,497.6935576498729,497.91534773766176
1.375,498.3432101158787,497.54312278832646
1.3760000000000001,497.0585764961082,497.5037472865881
1.377,498.175095446558,498.8762853149389
1.3780000000000001,497.73456085769305,497.8071149322866
1.379,497.98420603712447,498.43472739003056
1.3800000000000001,498.5096759733959,497.56924167623447
1.381,498.078644823159,498.80069813958266
1.3820000000000001,498.4455844934276,498.7581091524678
1.383,498.7465187458072,498.1231893481542
1.3840000000000001,498.21080682291324,497.4645538809241
1.385,498.60838182945525,498.0644378656199
1.3860000000000001,497.86616029874176,498.0511848175558
1.387,498.03189344176025,498.1539178929865
1.3880000000000001,497.781224447749,497.55154704381846
1.389,498.5705369766839,497.2856868210669
1.3900000000000001,498.2625862024076,498.13487613978884
1.391,497.8083940355878,498.0550349627664
1.3920000000000001,498.1457948911549,498.0676824725656
1.393,498.5956724149672,498.5864880052363
1.3940000000000001,498.0616605811145,497.34192871448016
1.395,497.613213208315,498.5912556123568
1.3960000000000001,498.15999928071614,497.72067341286
1.397,497.11010321905525,497.90103328030034
1.3980000000000001,498.4910928417151,497.69209053527607
1.399,497.90234419417607,498.1561048940434
1.4000000000000001,497.8846321214244,497.16467969147567
1.401,498.5633939338543,497.839818418757
1.4020000000000001,497.44920243346746,497.87223471305873
1.403,499.11155021312965,498.76830892072365
1.4040000000000001,497.90407620159147,498.2179029223412
1.405,497.8887474614593,498.4965023039537
1.4060000000000001,498.6671404639955,498.1578811895598
1.407,498.5170104051871,497.6366096365142
1.408,499.3943918895124,498.62078977101373
1.409,498.0692679525613,497.75057372420736
1.41,498.1207412602164,497.9162593954281
1.411,497.447340012993,498.27649730642577
1.412,498.0269801432409,498.66426291173127
1.413,497.83832883562116,498.096827162049
1.414,497.98065416771067,498.95878760074635
1.415,497.3389170427984,497.92377178013066
1.416,499.0472680701598,498.5482714031011
1.417,497.5145961066106,498.22323076813075
1.418,496.8277102606407,499.00068454763004
1.419,497.64049358116944,498.3404578654056
1.42,497.938660533289,497.3004849657016
1.421,497.67165824665875,498.78917584738804
1.422,498.80142253318337,498.2100812712373
1.423,498.18916723881705,497.980152341117
1.424,498.2765763410075,498.8739739951005
1.425,498.57485684144547,498.1026262275641
1.426,498.41842541726305,498.57404352753224
1.427,498.77044183495104,497.89560885037116
1.428,497.73213934360405,497.86746660891595
1.429,498.0188199695711,499.1965345874982
1.43,498.63124452107263,497.9034203101256
1.431,497.0366467368935,498.0102251826636
1.432,497.621975902868,497.4541052912929
1.433,498.56568965061393,499.1288929732828
1.434,498.0806756889348,498.5185183679203
1.435,498.7944419956025,498.4440076319644
1.436,498.736547787386,498.8182669462807
1.437,497.73846208345446,497.6715907614694
1.438,498.5463694797293,498.0712784021056
1.439,498.94940386560216,498.3016071783344
1.44,498.4277677909599,497.57859633542375
1.441,497.8707955155337,499.01403286848796
1.442,498.8046820616514,498.35457391398904
1.443,498.68814032368294,498.20759500532245
1.444,498.6471563154949,498.49278476432636
1.445,498.7392251876859,498.00379544612304
1.446,496.88933614201164,498.40803959232755
1.447,498.83248025761355,500.1046308599503
1.448,499.3014284207546,498.6985631518115
1.449,498.6210149840721,499.23572033106655
1.45,498.50437572845806,498.22934807880927
1.451,498.7615283615743,498.0364122176905
1.452,498.5877019264754,498.5723378735932
1.453,498.74974241398985,497.7519053260799
1.454,498.4298323639948,497.27453304578717
1.455,498.0509720628407,498.79904478247323
1.456,497.9373733638282,498.7591367333358
1.457,497.94563174712687,498.8605949905524
1.458,497.7633819462542,498.4629386813407
1.459,497.9211906033935,499.44320716410766
1.46,499.34083589378827,498.4155065523255
1.461,498.8423747742085,498.1873209271263
1.462,498.15792030740147,496.9661694691873
1.463,498.2803277209208,498.4509343568631
1.464,498.53687595989953,498.8955376391813
1.465,498.1578809239678,498.4880938507863
1.466,498.52445128547225,499.05182172925686
1.467,498.8845175739169,499.6421822178866
1.468,498.4828500719839,498.41308052186974
1.469,498.67371858521545,499.120379671904
1.47,498.9539291554611,497.7168072013015
1.471,498.37957363169124,499.03035702438603
1.472,498.662974440277,498.55139013785765
1.473,498.3708135372529,498.4138805715083
1.474,498.51614470843936,498.4477908364907
1.475,498.3729344916748,498.4562366459787
1.476,498.2757389038342,498.38486867183275
1.477,498.631887743196,498.6434720753171
1.478,498.83314629437353,498.46183875881746
1.479,498.6278515666969,497.97592164815677
1.48,498.8088724711733,498.76716177422634
1.481,498.1953367447472,498.25950173187374
1.482,497.9672127294105,499.09221387780906
1.483,498.7823638685147,498.5560759930566
1.484,498.92252875792536,498.64125445391664
1.485,498.6082468474644,497.5578636697484
1.486,499.26205051528,497.9588609126411
1.487,499.04658074642384,499.061713777933
1.488,499.9376998538438,498.22968812940144
1.489,498.5016776781924,498.33505193343507
1.49,498.1073095064361,498.46695946143194
1.491,498.2413019976588,499.2924438873732
1.492,498.33324254915385,498.8022692514904
1.493,498.8586128254859,499.2749447834471
1.494,497.5461532064992,498.4905354313162
1.495,499.28903807652944,498.7355789809027
1.496,498.5146741260426,498.0319353621577
1.497,498.51547032263977,499.2271237212368
1.498,498.10372507472914,498.69696804325724
1.499,498.5907983648396,498.6692292032386
1.5,498.6590304839981,498.8208280611596
1.5010000000000001,498.5959226227344,499.37955694190805
1.502,498.83089427747416,498.5533889910488
1.5030000000000001,498.37100331775594,499.49661673853973
1.504,498.22235132351125,498.2437818087648
1.5050000000000001,498.94884835903946,498.88506642193425
1.506,498.72842838502845,499.6829996407742
1.5070000000000001,498.78208087330967,498.43788451145724
1.508,499.2173850326239,498.8098066446129
1.5090000000000001,498.1809556902444,499.13030346309546
1.51,498.2689696070174,498.62695871790623
1.5110000000000001,499.3295371284769,497.9500750355905
1.512,497.9638086575405,498.1766006196764
1.5130000000000001,498.05485291030635,498.9993607868157
1.514,499.12278420796207,499.1589519614568
1.5150000000000001,498.837233406746,499.10975744168474
1.516,498.77501515465354,499.29496696644003
1.5170000000000001,498.6808209618839,498.7620005016459
1.518,498.746521870919,498.83436724150425
1.5190000000000001,498.68905537027393,497.9750449332888
1.52,499.4170420548013,498.8973582484748
1.5210000000000001,498.5444419074525,499.04923462224235
1.522,498.6670105110656,498.4554750362007
1.5230000000000001,499.64908907470635,499.0732540300701
1.524,498.76977304781497,497.84746734498566
1.5250000000000001,499.87616609423594,499.1351062888706
1.526,498.71179397560115,498.91382955696156
1.5270000000000001,499.45210351378546,499.8231087957588
1.528,497.94482251534413,499.47845070587795
1.5290000000000001,498.853401637888,499.5294878457481
1.53,497.9884139053112,499.1887723099416
1.5310000000000001,499.2069355712572,499.107444075837
1.532,498.18231873766644,498.1973695757929
1.5330000000000001,498.934668192462,498.6246750499536
1.534,498.65570283289475,499.7096069499603
1.5350000000000001,498.2217031657249,498.07216909734694
1.536,497.995115429541,498.57910564876585
1.537,498.5532525718094,498.0986114522707
1.538,499.6830516732869,499.53767305274755
1.539,498.6699453778104,498.53326190541657
1.54,499.27923648330454,499.59236199172466
1.541,498.7960289812362,498.61714266013956
1.542,499.2668254441701,498.57587386823883
1.543,497.9189049933298,499.47110745097854
1.544,498.6346521804324,499.305148658309
1.545,499.31482181652063,497.4814696130586
1.546,498.76235141339623,499.06904421240404
1.547,498.80459823495517,499.14740842683995
1.548,498.63642910691914,498.95606678686545
1.549,499.43017118175254,498.5261598595544
1.55,499.00804737736917,498.8730058729327
1.551,498.88509737423703,498.66357099097075
1.552,499.1883969121899,498.97205066025083
1.553,499.164752917101,498.7689668064732
1.554,498.9806922403317,498.5629620688801
1.555,499.6516602234866,498.959561041916
1.556,498.851734000977,499.2826324471776
1.557,499.024639160994,499.02964065591084
1.558,498.5678308472983,498.6120288182895
1.559,498.96806088339906,499.0606769543653
1.56,499.69056787771495,499.4311337397465
1.561,498.5787299018507,499.69761493764446
1.562,498.33722165858075,499.5073522059298
1.563,499.40604508387645,499.1759168628919
1.564,498.8369172403525,498.4063034356132
1.565,498.9629253762825,498.2317156460526
1.566,498.8959775228601,498.81691587473495
1.567,498.9616939212827,498.2171165170537
1.568,499.35098530938023,498.5329069639263
1.569,498.50973284416375,498.8438166311904
1.57,498.4269709725215,498.6903391022523
1.571,498.9788933010597,498.77203992879663
1.572,498.13672878809655,498.27553944110144
1.573,498.25694948672174,499.05880612597537
1.574,499.8803337116661,499.44484599589816
1.575,499.3292304851903,498.67603073300944
1.576,498.94896060572165,499.31647294695625
1.577,499.57647320877487,500.28844279012617
1.578,498.44063944121245,498.91464646595773
1.579,498.80659526488915,499.2896179608796
1.58,499.2795698949087,499.06584744459116
1.581,499.41661372610594,499.4557122120761
1.582,499.2311596737415,498.11500190073036
1.583,497.70749381920206,498.4492635285451
1.584,498.49747278262436,499.052877570068
1.585,499.22343718952226,499.42801924065657
1.586,498.8103054198432,499.0531810179542
1.587,500.2617637584382,498.1590021606241
1.588,499.458282676312,498.5828407002223
1.589,499.27738887726986,498.6006416407431
1.59,498.4432064417415,499.1958268792438
1.591,498.98735503802664,498.6236365173713
1.592,499.1289165236229,498.6675664559024
1.593,499.5755064715251,499.5536467650837
1.594,499.45546933788916,499.68222307794196
1.595,499.53467657395396,498.8112085307093
1.596,498.55949324704443,499.23356733106175
1.597,499.73078150955797,498.0836332613005
1.598,498.33773585310047,499.1267869964659
1.599,498.7632287167146,499.6258499747016
1.6,499.24979556870403,499.29747849837037
1.601,498.9626774802605,499.08783401278913
1.602,498.53780742897806,498.8461873335607
1.603,498.6332428694476,498.7203073627728
1.604,498.2730719231011,498.957346074475
1.605,499.316357119619,498.2743400062166
1.606,499.68381438676977,499.85845278991457
1.607,499.006482860338,499.33848080885116
1.608,498.85964437097454,499.00829865706436
1.609,498.3267860342228,498.75274600495686
1.61,499.52266676885284,499.0305993681097
1.611,500.17482590456103,499.4677770375752
1.612,498.1735434244488,499.5777035374479
1.613,498.54364213814,498.6232238239255
1.614,498.73863909272745,498.5913843121866
1.615,498.7993434263268,500.1203328175422
1.616,499.19823191786963,499.6525731836492
1.617,499.89473010649135,499.44158545277213
1.618,499.5949402286065,499.02104093098944
1.619,499.3574664248972,499.55540266928926
1.62,498.7347194594465,498.45979427015413
1.621,498.5398757357454,499.86530337102056
1.622,498.7042982370871,499.0845313278959
1.623,499.8797053584181,499.5008364826275
1.624,499.0777764375008,499.4314929548835
1.625,498.8881961879803,499.0455670255174
1.6260000000000001,499.02269280530714,499.0266278282458
1.627,499.5298262977593,499.72805124501053
1.6280000000000001,498.4640290627993,499.63344722206125
1.629,499.830817907426,498.237012014774
1.6300000000000001,499.2045361671068,498.2798440034948
1.631,499.0210335408459,498.65584613392645
1.6320000000000001,499.35352640272424,498.68508362430794
1.633,499.24419005496793,498.5754836061297
1.6340000000000001,498.9657718515071,499.2736824548644
1.635,499.0143837258275,498.9086459044447
1.6360000000000001,498.70916722317025,499.7464218696562
1.637,499.4746437912068,499.87265034019174
1.6380000000000001,498.8832919463303,499.13471223703925
1.639,498.67399062272347,499.9936157598722
1.6400000000000001,499.23787315727066,499.1668174333365
1.641,499.82232420977226,498.9401290420884
1.6420000000000001,499.1363840706628,499.19272194815267
1.643,498.8592992410701,499.6355544496635
1.6440000000000001,499.3680820708361,498.3586800207659
1.645,500.13726521730587,499.06438762380475
1.6460000000000001,498.445721912722,499.32015764318885
1.647,499.36553255904056,499.35575545493253
1.6480000000000001,499.27972179247837,498.99274407185743
1.649,499.76068355388674,499.42409507861936
1.6500000000000001,499.67810029914864,499.3284938531731
1.651,499.09201113487774,498.8892007279282
1.6520000000000001,498.3458179900458,500.2786667735109
1.653,499.5940604073028,499.41034620058696
1.6540000000000001,498.7758750924973,499.0276740553076
1.655,498.72278518491595,498.910091870812
1.6560000000000001,499.77300570192665,499.7133325580962
1.657,498.7460713420557,499.2523257900545
1.6580000000000001,499.90557614795017,500.4780111528232
1.659,499.3747245428837,498.988642795324
1.6600000000000001,499.3690009731879,498.58794261349027
1.661,499.36570497037286,499.1980292816896
1.6620000000000001,498.39548281946725,499.30203590073205
1.663,498.3291136507597,498.1578917752619
1.6640000000000001,499.3276891158358,499.0651390468691
1.665,499.5065122309173,499.03811311410243
1.666,499.2664013909429,499.04052794564086
1.667,498.81690732986203,498.9123770959423
1.668,499.23970577241835,498.5584653600529
1.669,499.19178922316564,499.61164375363563
1.67,498.7567803054795,498.9432588653126
1.671,499.74488999053705,498.72587461201607
1.672,498.3753019738276,498.86029577511874
1.673,499.53733885956467,499.00663040814885
1.674,499.43764859884664,499.2996362857432
1.675,499.75285368024015,499.5819945163931
1.676,498.74784431766494,498.77373920649154
1.677,499.3036980003959,499.01317584937266
1.678,500.34106277487365,498.5825579649662
1.679,499.5889950454186,497.56164082898516
1.68,499.3107178610674,499.33815853130136
1.681,499.53246903206167,500.02272583597727
1.682,499.30842976435986,499.52622001368763
1.683,500.3632351350732,499.0140945445661
1.684,499.7620408759143,499.3183020826662
1.685,499.2298438418276,498.68508232985835
1.686,499.40123749389863,499.21376797767334
1.687,499.082085184664,499.0634732408215
1.688,499.88481362244676,498.85337642319877
1.689,498.5792325488377,499.4849573140433
1.69,498.4823040702749,500.58445445598056
1.691,500.01641116263437,500.11962734302597
1.692,500.3659862150406,499.25323986306927
1.693,499.52594340828864,499.7336995793622
1.694,499.35051669175357,499.7253539680251
1.695,499.6251304901696,498.9725813841168
1.696,498.97531098899617,499.6206447528464
1.697,499.3867928412351,498.5805311852426
1.698,499.32295097328546,498.90070478224146
1.699,499.61909655849473,499.42504940823585
1.7,498.529125268615,499.10059041374865
1.701,499.0569095598963,500.1885271411147
1.702,499.73521949642185,499.6366039399903
1.703,498.9772118948161,499.1238529192603
1.704,498.820607623609,499.08186275992614
1.705,500.340596303231,499.4129109621444
1.706,499.3408835849554,498.793925485508
1.707,499.0346223361528,499.6217550337409
1.708,498.4801454984325,498.63854849001075
1.709,499.6932457161337,499.6399474765473
1.71,499.68037498536484,499.24838045683833
1.711,499.18365403824686,499.5402125817145
1.712,498.78413826236255,498.8288334402368
1.713,499.3251907791986,499.4598321918179
1.714,498.92174222898126,500.54571927418164
1.715,498.87082090298395,499.1131354966991
1.716,499.2924514438002,499.50263495143855
1.717,498.82054545405833,500.09890234774326
1.718,499.47174070087243,499.7291475244555
1.719,499.6545808079808,499.56640752507155
1.72,498.9329294439886,498.845782253687
1.721,498.6707770424821,498.7159876108034
1.722,500.1376861444163,499.38364574835344
1.723,498.88905083781077,499.1274521793927
1.724,499.03134709392657,499.3516744510159
1.725,499.46995242441284,499.4661582413455
1.726,499.6652468483264,499.02723525060554
1.727,499.2395149872719,499.61461289158666
1.728,499.60017484416153,500.29894464781273
1.729,499.17138184508025,498.86709422459387
1.73,498.8883798561599,499.1390827169866
1.731,500.0892069275603,499.35113478135435
1.732,500.6223456801263,499.9482472218067
1.733,500.22817910553164,498.7868967414655
1.734,499.4531602379292,498.8495771524677
1.735,500.30103031476983,498.30237728996724
1.736,499.5642132662565,499.16607643324824
1.737,499.14976042951355,499.7283733409352
1.738,499.6236286127047,499.92294892782115
1.739,499.34527106019834,499.57094273940555
1.74,498.90292995905185,499.0939099970891
1.741,498.9473430748239,499.74964013679124
1.742,499.7995382340086,499.50057275598556
1.743,498.4772479947024,498.4400631018994
1.744,499.7045773156905,498.7883642579897
1.745,498.5897054652338,500.16033345429753
1.746,498.3458907485925,499.56748584720606
1.747,498.48903077891595,498.7209620141744
1.748,500.39380460377544,499.8203050858617
1.749,499.3142676214834,499.9430087777332
1.75,499.45763165111896,499.19673051361576
1.7510000000000001,500.12591653373414,499.7450382932863
1.752,499.88532134908723,497.5480901508259
1.7530000000000001,498.7244148400933,499.9068656217018
1.754,499.85660020357324,500.0095852255342
1.7550000000000001,499.516110800734,498.86158005031064
1.756,499.25509785602094,499.5668915796397
1.7570000000000001,499.43999271983955,499.2586996959671
1.758,500.069657273778,499.37839995141013
1.7590000000000001,498.9886656870338,499.21912285173437
1.76,499.633983117179,498.7673074018174
1.7610000000000001,499.43059671493035,500.38054274812913
1.762,498.5387218080112,499.2820649542368
1.7630000000000001,499.03805006017353,499.49147112561394
1.764,499.5376497216094,498.93626030068594
1.7650000000000001,500.09157407785284,498.9243877812349
1.766,499.94542244032164,499.65097514469176
1.7670000000000001,499.7452109128186,499.7097203776037
1.768,499.0408084101746,499.88732866815866
1.7690000000000001,500.35088868789217,500.00208969681347
1.77,499.5597312700661,499.3469289239283
1.7710000000000001,498.9507515315044,499.23175506770735
1.772,499.3642989906104,499.82908134887003
1.7730000000000001,499.90568683520064,499.138766610924
1.774,499.4631764860779,499.89517120840173
1.7750000000000001,499.9045991875757,499.6483418396084
1.776,500.01480694334026,500.0403986565676
1.7770000000000001,499.6650124601164,499.7998690547094
1.778,499.0376770122417,498.93923211697046
1.7790000000000001,499.5360309338397,499.0354140942082
1.78,499.4926559009504,499.8362435368119
1.7810000000000001,500.40150962255956,500.4252928897475
1.782,498.66043310088395,498.8121173249364
1.7830000000000001,499.40793460945343,499.48688133040895
1.784,499.1850449973104,499.61785932553875
1.7850000000000001,499.64638470641626,498.71587399449123
1.786,498.2617840515669,499.71956015667917
1.7870000000000001,500.0397570742684,499.43566539430583
1.788,499.49089184926225,498.4356714245575
1.7890000000000001,498.5633841017087,500.2965317913111
1.79,499.3068894800167,499.05577561097425
1.7910000000000001,499.7936328870286,498.84783423204186
1.792,498.69512777118973,499.70085728832095
1.793,499.4941571526493,499.77122475146587
1.794,498.9654979176533,499.8623762887958
1.795,499.2179253031218,499.30285251521383
1.796,499.5109644869876,499.492075031418
1.797,499.5909923167503,499.1338012361707
1.798,499.2655622714744,498.84577281429785
1.799,499.6389925007489,500.04209809151024
1.8,499.91323836829406,499.45280719334494
1.801,499.3664421774547,499.4146816644418
1.802,500.22332745405794,498.50784975824934
1.803,500.24028944930734,499.4199372882992
1.804,499.29646466617373,499.0895094204278
1.805,499.1935233203932,499.425078231457
1.806,498.681979588412,499.4043859498077
1.807,499.45239849826953,499.2923931944808
1.808,499.3355759758222,499.9866570907219
1.809,499.9084268143425,499.7423716571964
1.81,498.7656713940905,500.0840233005678
1.811,499.3834021663434,498.859628489001
1.812,500.00806041383214,499.1991550270188
1.813,499.1600947322012,499.50507810215885
1.814,499.1456722995738,499.3234792684048
1.815,498.80495743132394,499.48874487168814
1.816,500.84028381277716,498.93889177243216
1.817,499.1578243695399,499.1734189551422
1.818,498.88294640638503,498.7122903094808
1.819,499.1327482968375,499.0896086229512
1.82,499.14907446466987,499.8832586970555
1.821,499.403070468654,499.4306106758246
1.822,499.95198969094434,500.29212937943873
1.823,499.3916750885699,499.24301934238457
1.824,499.08095301191713,499.6018502341398
1.825,498.8182183318261,498.937211854489
1.826,499.556334103617,500.8456922092808
1.827,499.5681877540521,499.4575591747674
1.828,500.3138921508349,499.9631925566886
1.829,499.5961525838449,499.75657328855044
1.83,499.5019223004608,499.2594395081566
1.831,499.0275922936468,498.8874214248184
1.832,499.40143071266016,499.6324318070297
1.833,499.336652608423,499.27744859747486
1.834,499.37228565785244,499.4795696060317
1.835,499.07921302831727,499.8844461519701
1.836,499.8294736090296,499.59938416135105
1.837,499.49054929592853,499.7502853043785
1.838,499.46305359276795,499.63820914367295
1.839,498.7076607498324,498.8310150331877
1.84,499.81295448985486,500.2641198013238
1.841,499.8110839265629,500.15545903186415
1.842,499.14945057491934,499.0008898289733
1.843,500.0655101923242,499.8230571425651
1.844,498.8894998365998,499.2408245067761
1.845,499.56236869159795,499.1998035184939
1.846,499.4391199293238,499.57226115754355
1.847,498.91755143284473,500.449931676464
1.848,499.6724006516934,500.1064872025274
1.849,500.4302402462797,499.88152526478706
1.85,499.61417343141727,499.0050132504858
1.851,499.3502419228425,500.8589375949789
1.852,499.80665671465755,500.01997057571225
1.853,499.6373918385355,498.41007387572927
1.854,499.59979549488475,499.7856126670582
1.855,499.3745213100012,499.3429064516088
1.856,500.2996535977041,499.7936187093365
1.857,499.8182163310851,499.7903168635233
1.858,499.32706359598905,499.13210173283375
1.859,499.5387567431623,500.505664195547
1.86,499.2236805206388,499.69396915093114
1.861,499.2913189990381,500.06610180188807
1.862,499.2764479184794,500.2724861420308
1.863,499.03099671032487,499.22903758929584
1.864,499.988128250705,499.143569707004
1.865,499.45530184870194,500.1617407323661
1.866,499.87921474571027,500.2985344450847
1.867,499.2684119633428,498.91493069108407
1.868,499.5746132148314,500.6103814090719
1.869,499.25058932227654,499.48832360476155
1.87,499.9672544880213,499.9532785931746
1.871,499.48451716948114,499.8908871360995
1.872,499.24459210245533,499.1243242244332
1.873,498.79047502060706,499.1792693323397
1.874,499.7504533306664,498.570790928729
1.875,499.2597166465854,499.03830142061616
1.8760000000000001,499.6073043910503,498.87392360594356
1.877,499.37060949683433,499.6365376642125
1.8780000000000001,500.09484563112284,500.3024200390749
1.879,499.89109525946805,499.6054188043406
1.8800000000000001,499.8438967365491,499.7896864224508
1.881,499.31349372169626,500.01052496355965
1.8820000000000001,499.8559586907132,499.9626375557905
1.883,500.4814846678931,499.43112253552874
1.8840000000000001,499.2092268640805,498.89361702633585
1.885,499.7127363052543,499.41163390768196
1.8860000000000001,498.80320095365295,499.65925929493693
1.887,500.3283290566917,499.1931958280004
1.8880000000000001,499.43132640940826,499.81123348307426
1.889,500.0228022392229,499.4851276630809
1.8900000000000001,498.77112491923606,499.9436209618132
1.891,500.5327309032684,499.23231286429046
1.8920000000000001,499.4567435437024,499.1741671079686
1.893,499.90922201389293,500.5233933861819
1.8940000000000001,499.71301245968937,499.65195357386557
1.895,499.51107394116127,499.91526358881794
1.8960000000000001,500.4829074500835,499.09077273163393
1.897,498.81718616019134,499.4525498225184
1.8980000000000001,499.7917600714236,499.9834609953886
1.899,500.0989160822947,500.4263744123614
1.9000000000000001,499.6298512300349,499.2825102117579
1.901,499.5868759964428,499.2444763613171
1.9020000000000001,499.5757956965964,499.6357789791525
1.903,499.0344955857597,498.88609033425354
1.9040000000000001,499.6685478237159,499.63439180626955
1.905,499.907009334484,499.618260921177
1.9060000000000001,499.6861127459035,500.0141624591966
1.907,499.5168337722595,500.36025165542685
1.9080000000000001,499.40926414644207,499.9390239854246
1.909,499.51562931474535,500.0260285496845
1.9100000000000001,500.2852969196365,499.68253986549263
1.911,498.61425066517666,499.47767164820954
1.9120000000000001,499.6787434223574,498.6606952419105
1.913,499.49596598249167,499.21670921313745
1.9140000000000001,500.3888793845938,499.769585130135
1.915,499.6898497219894,498.839283322376
1.9160000000000001,500.4056908548018,499.78464973611324
1.917,498.60240375069935,499.4639083665137
1.9180000000000001,499.89525818694784,499.15466296122395
1.919,499.80660792230753,499.43154417641955
1.92,500.36295552890215,500.03205683635775
1.921,498.84812010167735,500.11152267760593
1.922,499.59237868268775,498.70136378453014
1.923,499.7040252304791,499.5962311782877
1.924,499.4241922095389,500.12901055247823
1.925,500.2814700274602,499.5442121875511
1.926,499.5049276603197,499.72865501401407
1.927,500.6927339882671,498.92762608140646
1.928,500.20352202674474,499.4363952224421
1.929,500.1529266816046,500.59187670071094
1.93,499.9582325013981,499.2845283192519
1.931,499.14780482148666,498.95931594266756
1.932,499.46517049512215,499.7554342104605
1.933,499.9681568466106,500.07607566564644
1.934,500.02161864351217,500.2797253751922
1.935,500.3374874887934,499.42501441419444
1.936,499.45122698869955,499.7961656152992
1.937,499.2559192277232,499.9581538559049
1.938,500.1165929543139,500.0116267801669
1.939,499.28326903030967,499.4144617650645
1.94,500.1257762310184,500.5454637562513
1.941,500.2900229416221,499.34648747772127
1.942,499.9192624690325,500.04510332250135
1.943,499.51342410156866,499.6812394466724
1.944,499.713778977207,499.39961018318496
1.945,499.9909916620475,499.37281480642093
1.946,499.7003689025841,499.40208459275306
1.947,500.79543836772166,499.4728367209191
1.948,499.2019654136747,499.18784028319936
1.949,499.1969739025786,500.0469953993541
1.95,499.2108644680368,499.347537001451
1.951,499.40552282429377,499.3927850042309
1.952,498.6118443197697,499.9456381624407
1.953,499.38747884191804,499.64830601355163
1.954,499.3766523722093,498.9923259768413
1.955,499.7435391068171,499.23626055666864
1.956,499.9141664711322,499.6069709082685
1.957,499.0861388218013,499.4187365603558
1.958,500.15725165793776,500.0824494311561
1.959,500.6093199449379,499.32598157732514
1.96,499.60502732974373,499.22559024222545
1.961,500.497323319829,499.2048486267189
1.962,499.81059704739846,499.9144150861455
1.963,500.7064296486209,499.95378384619227
1.964,500.27166361199926,498.8767840094621
1.965,498.93202456291857,500.02499903187595
1.966,499.72424238881473,500.1454000201253
1.967,500.24303984662,498.87036328670916
1.968,499.732096148451,499.37159207769486
1.969,499.6993234448552,500.43219648185556
1.97,500.35358680183697,500.22174046300927
1.971,499.3647134264996,499.7320221534054
1.972,499.7293312999964,499.9711836195806
1.973,499.88331624670457,500.77749872514954
1.974,499.55553466085604,499.97381429655724
1.975,499.71328928161444,499.1129351905066
1.976,500.1117860838366,500.4067298575668
1.977,499.9416108180257,499.2897085844068
1.978,499.3217477429123,500.2230437652016
1.979,499.1749559743649,500.05513955108944
1.98,499.3333753023621,500.1726695363572
1.981,499.7294560225678,500.499284762814
1.982,499.6497642899952,498.9967636121899
1.983,499.314654823509,499.6958259964228
1.984,499.4324547371402,500.7045415287284
1.985,498.97240373108,500.2206011693608
1.986,499.94224066248603,499.8218800114336
1.987,499.71419192222015,499.22260185932856
1.988,499.10519213389017,499.78843329818534
1.989,499.7502776348898,499.2800140854254
1.99,500.4081570315557,499.0026500048774
1.991,499.3677538193868,500.02594865824557
1.992,500.3961633840932,499.7712350179238
1.993,499.5777357158467,499.3526958170493
1.994,499.8392455420269,499.9377934203953
1.995,499.79007098011795,499.48923860345434
1.996,500.44281853210697,500.6318244344446
1.997,499.8221321266567,499.7276171482829
1.998,499.1728200163212,500.53230309750876
1.999,499.0891382163672,499.33821071385165
