H2,Air,CH4,GOx,H2_Manifold_bar,H2_Manifold_psi,H2_Injector_Choked,Air_Manifold_bar,Air_Manifold_psi,Air_Injector_Choked,CH4_Manifold_bar,CH4_Manifold_psi,CH4_Injector_Choked,GOx_Manifold_bar,GOx_Manifold_psi,GOx_Injector_Choked,H2_P0_bar,H2_P0_psi,H2_Orifice_Choked,Air_P0_bar,Air_P0_psi,Air_Orifice_Choked,CH4_P0_bar,CH4_P0_psi,CH4_Orifice_Choked,GOx_P0_bar,GOx_P0_psi,GOx_Orifice_Choked,H2_InjectorArea_mm2,Air_InjectorArea_mm2,CH4_InjectorArea_mm2,GOx_InjectorArea_mm2,H2_InjectorEqDiameter_mm,Air_InjectorEqDiameter_mm,CH4_InjectorEqDiameter_mm,GOx_InjectorEqDiameter_mm,H2_Orifice_mm,Air_Orifice_mm,CH4_Orifice_mm,GOx_Orifice_mm,H2_Orifice_in,Air_Orifice_in,CH4_Orifice_in,GOx_Orifice_in
0.0212,0.9072,0.0657,0.524,21.8033826195752,316.231204850861,1,21.7686853254853,315.727963344414,1,21.1425415649041,306.646519456865,1,29.0396922366454,421.1849612843,1,47.5387493655594,689.490995561258,1,47.38756608,687.298268250091,1,44.7007063823699,648.328678334995,1,63.2155922248472,916.864288602464,1,18.0256500859745,204.081495442754,20.9269427270345,84.0710155779785,4.79071711845121,16.119696968194,5.16188057111632,10.3461365542858,3.24443135137198,10.9254861934639,3.550008195422,7.01232611894476,0.127733517770551,0.430137251711178,0.139764102181969,0.276075831454518
0.0239,0.9072,0.0771,0.5126,24.5802285192381,356.505933770546,1,21.7686853254853,315.727963344414,1,24.8111104209149,359.854591326093,1,28.4079126727184,412.021777012084,1,53.5932127281542,777.303528014814,1,47.38756608,687.298268250091,1,52.456993334562,760.824065443351,1,61.8402911726273,896.917241102334,1,18.0256500859745,204.081495442754,20.9269427270345,84.0710155779785,4.79071711845121,16.119696968194,5.16188057111632,10.3461365542858,3.24443135137198,10.9254861934639,3.550008195422,7.01232611894476,0.127733517770551,0.430137251711178,0.139764102181969,0.276075831454518
0.0265,0.9072,0.088,0.5017,27.254228274469,395.289006063576,1,21.7686853254853,315.727963344414,1,28.3187771341182,410.728975832635,1,27.8038427387881,403.260486786895,1,59.4234367069492,861.863744451573,1,47.38756608,687.298268250091,1,59.873092262535,868.385444345199,1,60.5253103419959,877.845064106595,1,18.0256500859745,204.081495442754,20.9269427270345,84.0710155779785,4.79071711845121,16.119696968194,5.16188057111632,10.3461365542858,3.24443135137198,10.9254861934639,3.550008195422,7.01232611894476,0.127733517770551,0.430137251711178,0.139764102181969,0.276075831454518
0.0292,0.9072,0.0985,0.4912,30.0310741741319,435.563734983261,1,21.7686853254853,315.727963344414,1,31.6977221330755,459.736410449029,1,27.2219405088554,394.820711799328,1,65.4779000695441,949.676276905129,1,47.38756608,687.298268250091,1,67.017040771133,971.999616681842,1,59.2585856886354,859.472783514371,1,18.0256500859745,204.081495442754,20.9269427270345,84.0710155779785,4.79071711845121,16.119696968194,5.16188057111632,10.3461365542858,3.24443135137198,10.9254861934639,3.550008195422,7.01232611894476,0.127733517770551,0.430137251711178,0.139764102181969,0.276075831454518
0.0318,0.9072,0.1085,0.4812,32.7050739293628,474.346807276291,1,21.7686853254853,315.727963344414,1,34.9157649892253,506.410157702737,1,26.6677479089194,386.782830858788,1,71.3081240483391,1034.23649334189,1,47.38756608,687.298268250091,1,73.820801255512,1070.67978081198,1,58.0521812568635,841.975373426537,1,18.0256500859745,204.081495442754,20.9269427270345,84.0710155779785,4.79071711845121,16.119696968194,5.16188057111632,10.3461365542858,3.24443135137198,10.9254861934639,3.550008195422,7.01232611894476,0.127733517770551,0.430137251711178,0.139764102181969,0.276075831454518
NaN,NaN,0.1182,0.4715,NaN,NaN,0,NaN,NaN,0,38.0372665596906,551.683692538835,1,26.1301810869815,378.986086346464,1,NaN,NaN,0,NaN,NaN,0,80.4204489253596,1166.39954001821,1,56.8819689580448,825.002885641339,1,18.0256500859745,204.081495442754,20.9269427270345,84.0710155779785,4.79071711845121,16.119696968194,5.16188057111632,10.3461365542858,3.24443135137198,10.9254861934639,3.550008195422,7.01232611894476,0.127733517770551,0.430137251711178,0.139764102181969,0.276075831454518
NaN,NaN,0.1274,0.4623,NaN,NaN,0,NaN,NaN,0,40.9978659873484,594.623540012247,1,25.6203238950404,371.591235881167,1,NaN,NaN,0,NaN,NaN,0,86.6799085709882,1257.18529101794,1,55.7720768808146,808.905268360532,1,18.0256500859745,204.081495442754,20.9269427270345,84.0710155779785,4.79071711845121,16.119696968194,5.16188057111632,10.3461365542858,3.24443135137198,10.9254861934639,3.550008195422,7.01232611894476,0.127733517770551,0.430137251711178,0.139764102181969,0.276075831454518
NaN,NaN,0.1363,0.4534,NaN,NaN,0,NaN,NaN,0,43.8619241293217,636.163175068047,1,25.1270924810974,364.437521844087,1,NaN,NaN,0,NaN,NaN,0,92.7352554020855,1345.01063709376,1,54.6983769365377,793.332573382361,1,18.0256500859745,204.081495442754,20.9269427270345,84.0710155779785,4.79071711845121,16.119696968194,5.16188057111632,10.3461365542858,3.24443135137198,10.9254861934639,3.550008195422,7.01232611894476,0.127733517770551,0.430137251711178,0.139764102181969,0.276075831454518
NaN,NaN,0.1449,0.4448,NaN,NaN,0,NaN,NaN,0,46.6294409856105,676.302597706236,1,24.6504868451524,357.524944235222,1,NaN,NaN,0,NaN,NaN,0,98.5864894186515,1429.87557824567,1,53.6608691252138,778.284800706824,1,18.0256500859745,204.081495442754,20.9269427270345,84.0710155779785,4.79071711845121,16.119696968194,5.16188057111632,10.3461365542858,3.24443135137198,10.9254861934639,3.550008195422,7.01232611894476,0.127733517770551,0.430137251711178,0.139764102181969,0.276075831454518
NaN,NaN,0.1532,0.4365,NaN,NaN,0,NaN,NaN,0,49.3004165562148,715.041807926814,1,24.1905069872056,350.853503054574,1,NaN,NaN,0,NaN,NaN,0,104.233610620686,1511.78011447369,1,52.6595534468432,763.761950333923,1,18.0256500859745,204.081495442754,20.9269427270345,84.0710155779785,4.79071711845121,16.119696968194,5.16188057111632,10.3461365542858,3.24443135137198,10.9254861934639,3.550008195422,7.01232611894476,0.127733517770551,0.430137251711178,0.139764102181969,0.276075831454518
NaN,NaN,0.1611,0.4286,NaN,NaN,0,NaN,NaN,0,51.8426704125732,751.914068257244,1,23.7526948332561,344.503577111547,1,NaN,NaN,0,NaN,NaN,0,109.608581403345,1589.7374441365,1,51.7064939457434,749.938996364534,1,18.0256500859745,204.081495442754,20.9269427270345,84.0710155779785,4.79071711845121,16.119696968194,5.16188057111632,10.3461365542858,3.24443135137198,10.9254861934639,3.550008195422,7.01232611894476,0.127733517770551,0.430137251711178,0.139764102181969,0.276075831454518
NaN,NaN,0.1688,0.4209,NaN,NaN,0,NaN,NaN,0,54.3205634118085,787.8528536426,1,23.3259665313054,338.314408787332,1,NaN,NaN,0,NaN,NaN,0,114.847476976317,1665.7211705167,1,50.777562533279,736.465990596903,1,18.0256500859745,204.081495442754,20.9269427270345,84.0710155779785,4.79071711845121,16.119696968194,5.16188057111632,10.3461365542858,3.24443135137198,10.9254861934639,3.550008195422,7.01232611894476,0.127733517770551,0.430137251711178,0.139764102181969,0.276075831454518
NaN,NaN,0.1762,0.4135,NaN,NaN,0,NaN,NaN,0,56.7019151253593,822.391426610344,1,22.9158640073528,332.366376891332,1,NaN,NaN,0,NaN,NaN,0,119.882259734758,1738.744491973,1,49.8848232537678,723.517907131906,1,18.0256500859745,204.081495442754,20.9269427270345,84.0710155779785,4.79071711845121,16.119696968194,5.16188057111632,10.3461365542858,3.24443135137198,10.9254861934639,3.550008195422,7.01232611894476,0.127733517770551,0.430137251711178,0.139764102181969,0.276075831454518
NaN,NaN,0.1833,0.4064,NaN,NaN,0,NaN,NaN,0,58.9867255532257,855.529787160477,1,22.5223872613982,326.659481423548,1,NaN,NaN,0,NaN,NaN,0,124.712929678667,1808.8074085054,1,49.0282761072098,711.094745969544,1,18.0256500859745,204.081495442754,20.9269427270345,84.0710155779785,4.79071711845121,16.119696968194,5.16188057111632,10.3461365542858,3.24443135137198,10.9254861934639,3.550008195422,7.01232611894476,0.127733517770551,0.430137251711178,0.139764102181969,0.276075831454518
NaN,NaN,0.1902,0.3995,NaN,NaN,0,NaN,NaN,0,61.2071751239691,887.734672765536,1,22.1399943674424,321.113343574576,1,NaN,NaN,0,NaN,NaN,0,129.407524412888,1876.89672175519,1,48.1958570492872,699.02153300894,1,18.0256500859745,204.081495442754,20.9269427270345,84.0710155779785,4.79071711845121,16.119696968194,5.16188057111632,10.3461365542858,3.24443135137198,10.9254861934639,3.550008195422,7.01232611894476,0.127733517770551,0.430137251711178,0.139764102181969,0.276075831454518
NaN,NaN,0.1969,0.3928,NaN,NaN,0,NaN,NaN,0,63.3632638375894,919.006083425521,1,21.7686853254853,315.727963344414,1,NaN,NaN,0,NaN,NaN,0,133.966043937422,1943.01243172238,1,47.38756608,687.298268250091,1,18.0256500859745,204.081495442754,20.9269427270345,84.0710155779785,4.79071711845121,16.119696968194,5.16188057111632,10.3461365542858,3.24443135137198,10.9254861934639,3.550008195422,7.01232611894476,0.127733517770551,0.430137251711178,0.139764102181969,0.276075831454518
