H2,Air,CH4,GOx,H2_ManifoldPressure_bar,H2_InjectorChoked,H2_SupplyP0_bar_abs,H2_SupplyP0_psia,H2_SupplyP0_psig,H2_SonicOrificeChoked,H2_ModelValid,H2_SonicOrificeArea_mm2,H2_SonicOrificeDiameter_mm,H2_SonicOrificeDiameter_in,Air_ManifoldPressure_bar,Air_InjectorChoked,Air_SupplyP0_bar_abs,Air_SupplyP0_psia,Air_SupplyP0_psig,Air_SonicOrificeChoked,Air_ModelValid,Air_SonicOrificeArea_mm2,Air_SonicOrificeDiameter_mm,Air_SonicOrificeDiameter_in,CH4_ManifoldPressure_bar,CH4_InjectorChoked,CH4_SupplyP0_bar_abs,CH4_SupplyP0_psia,CH4_SupplyP0_psig,CH4_SonicOrificeChoked,CH4_ModelValid,CH4_SonicOrificeArea_mm2,CH4_SonicOrificeDiameter_mm,CH4_SonicOrificeDiameter_in,GOx_ManifoldPressure_bar,GOx_InjectorChoked,GOx_SupplyP0_bar_abs,GOx_SupplyP0_psia,GOx_SupplyP0_psig,GOx_SonicOrificeChoked,GOx_ModelValid,GOx_SonicOrificeArea_mm2,GOx_SonicOrificeDiameter_mm,GOx_SonicOrificeDiameter_in
0.0212,0.9072,0.0657,0.524,18.7233217647063,0,40.8231748345311,592.090092510977,577.394143735105,1,0,9.62737825718143,3.50113677384459,0.137840030466322,19.9843878926711,1,43.5033851457996,630.963256530684,616.267307754812,1,1,102.120463503211,11.4027984485815,0.448929072778799,11.0840389910931,0,23.4344755076205,339.888331260227,325.192382484355,1,0,18.8802500098122,4.90296654353049,0.193030178879153,39.9427754483911,1,86.9501709762546,1261.10560939588,1246.40966062001,1,1,28.078109461952,5.97914369357016,0.235399358014573
0.0239,0.9072,0.0771,0.5126,21.1078957630415,1,46.0223527615704,667.497792972281,652.801844196409,1,1,9.62737825718143,3.50113677384459,0.137840030466322,19.9843878926711,1,43.5033851457996,630.963256530684,616.267307754812,1,1,102.120463503211,11.4027984485815,0.448929072778799,13.0072968982235,0,27.5007315317738,398.864388739171,384.168439963299,1,0,18.8802500098122,4.90296654353049,0.193030178879153,39.0737914023764,1,85.0585069511987,1233.66934232124,1218.97339354537,1,1,28.078109461952,5.97914369357016,0.235399358014573
0.0265,0.9072,0.088,0.5017,23.4041522058828,1,51.0289685431638,740.112615638722,725.41666686285,1,1,9.62737825718143,3.50113677384459,0.137840030466322,19.9843878926711,1,43.5033851457996,630.963256530684,616.267307754812,1,1,102.120463503211,11.4027984485815,0.448929072778799,14.8462013883744,0,31.3886429934643,455.253777030441,440.557828254569,1,0,18.8802500098122,4.90296654353049,0.193030178879153,38.2429206917133,1,83.2498106465399,1207.43642029373,1192.74047151786,1,1,28.078109461952,5.97914369357016,0.235399358014573
0.0292,0.9072,0.0985,0.4912,25.7887262042181,1,56.2281464702032,815.520316100026,800.824367324153,1,1,9.62737825718143,3.50113677384459,0.137840030466322,19.9843878926711,1,43.5033851457996,630.963256530684,616.267307754812,1,1,102.120463503211,11.4027984485815,0.448929072778799,16.6176231449418,0,35.1338788051845,509.573829971574,494.877881195701,1,0,18.8802500098122,4.90296654353049,0.193030178879153,37.4425406493315,1,81.507488518199,1182.16617430393,1167.47022552805,1,1,28.078109461952,5.97914369357016,0.235399358014573
0.0318,0.9072,0.1085,0.4812,28.0849826470594,1,61.2347622517966,888.135138766466,873.439189990594,1,1,9.62737825718143,3.50113677384459,0.137840030466322,19.9843878926711,1,43.5033851457996,630.963256530684,616.267307754812,1,1,102.120463503211,11.4027984485815,0.448929072778799,18.3046914845298,0,38.7007700544418,561.307213725033,546.61126494916,1,0,18.8802500098122,4.90296654353049,0.193030178879153,36.6802739423011,1,79.8481341102552,1158.09927336126,1143.40332458538,1,1,28.078109461952,5.97914369357016,0.235399358014573
NaN,NaN,0.1182,0.4715,NaN,0,NaN,NaN,NaN,0,0,9.62737825718143,3.50113677384459,0.137840030466322,NaN,0,NaN,NaN,NaN,0,0,102.120463503211,11.4027984485815,0.448929072778799,19.9411477739301,1,42.1606545662214,611.488595965888,596.792647190016,1,1,18.8802500098122,4.90296654353049,0.193030178879153,35.9408752364816,1,78.2385603345497,1134.75437944687,1120.05843067099,1,1,28.078109461952,5.97914369357016,0.235399358014573
NaN,NaN,0.1274,0.4623,NaN,0,NaN,NaN,NaN,0,0,9.62737825718143,3.50113677384459,0.137840030466322,NaN,0,NaN,NaN,NaN,0,0,102.120463503211,11.4027984485815,0.448929072778799,21.4932506463511,1,45.4421945155381,659.083309019071,644.387360243198,1,1,18.8802500098122,4.90296654353049,0.193030178879153,35.2395898660137,1,76.7119542792414,1112.61283057961,1097.91688180374,1,1,28.078109461952,5.97914369357016,0.235399358014573
NaN,NaN,0.1363,0.4534,NaN,0,NaN,NaN,NaN,0,0,9.62737825718143,3.50113677384459,0.137840030466322,NaN,0,NaN,NaN,NaN,0,0,102.120463503211,11.4027984485815,0.448929072778799,22.9947414685844,1,48.6167277273771,705.12602055965,690.430071783777,1,1,18.8802500098122,4.90296654353049,0.193030178879153,34.5611724967567,1,75.2351288561714,1091.19328874063,1076.49733996476,1,1,28.078109461952,5.97914369357016,0.235399358014573
NaN,NaN,0.1449,0.4448,NaN,0,NaN,NaN,NaN,0,0,9.62737825718143,3.50113677384459,0.137840030466322,NaN,0,NaN,NaN,NaN,0,0,102.120463503211,11.4027984485815,0.448929072778799,24.4456202406301,1,51.6842542017384,749.616730587624,734.920781811752,1,1,18.8802500098122,4.90296654353049,0.193030178879153,33.9056231287106,1,73.8080840653398,1070.49575392994,1055.79980515407,1,1,28.078109461952,5.97914369357016,0.235399358014573
NaN,NaN,0.1532,0.4365,NaN,0,NaN,NaN,NaN,0,0,9.62737825718143,3.50113677384459,0.137840030466322,NaN,0,NaN,NaN,NaN,0,0,102.120463503211,11.4027984485815,0.448929072778799,25.8458869624881,1,54.644773938622,792.555439102995,777.859490327123,1,1,18.8802500098122,4.90296654353049,0.193030178879153,33.2729417618754,1,72.4308199067464,1050.52022614752,1035.82427737165,1,1,28.078109461952,5.97914369357016,0.235399358014573
NaN,NaN,0.1611,0.4286,NaN,0,NaN,NaN,NaN,0,0,9.62737825718143,3.50113677384459,0.137840030466322,NaN,0,NaN,NaN,NaN,0,0,102.120463503211,11.4027984485815,0.448929072778799,27.1786709507627,1,57.4626180255352,833.424812268228,818.728863492356,1,1,18.8802500098122,4.90296654353049,0.193030178879153,32.6707510633214,1,71.1199299244708,1031.50737440281,1016.81142562694,1,1,28.078109461952,5.97914369357016,0.235399358014573
NaN,NaN,0.1688,0.4209,NaN,0,NaN,NaN,NaN,0,0,9.62737825718143,3.50113677384459,0.137840030466322,NaN,0,NaN,NaN,NaN,0,0,102.120463503211,11.4027984485815,0.448929072778799,28.4777135722454,1,60.2091242874634,873.259517758392,858.56356898252,1,1,18.8802500098122,4.90296654353049,0.193030178879153,32.083805698908,1,69.8422270303541,1012.97586067696,998.279911901086,1,1,28.078109461952,5.97914369357016,0.235399358014573
NaN,NaN,0.1762,0.4135,NaN,0,NaN,NaN,NaN,0,0,9.62737825718143,3.50113677384459,0.137840030466322,NaN,0,NaN,NaN,NaN,0,0,102.120463503211,11.4027984485815,0.448929072778799,29.7261441435405,1,62.8486238119138,911.542221735952,896.846272960079,1,1,18.8802500098122,4.90296654353049,0.193030178879153,31.5197283357055,1,68.6143047684757,995.166353979383,980.470405203511,1,1,28.078109461952,5.97914369357016,0.235399358014573
NaN,NaN,0.1833,0.4064,NaN,0,NaN,NaN,NaN,0,0,9.62737825718143,3.50113677384459,0.137840030466322,NaN,0,NaN,NaN,NaN,0,0,102.120463503211,11.4027984485815,0.448929072778799,30.923962664648,1,65.3811165988865,948.272924200908,933.576975425036,1,1,18.8802500098122,4.90296654353049,0.193030178879153,30.978518973714,1,67.4361631388356,978.078854310088,963.382905534215,1,1,28.078109461952,5.97914369357016,0.235399358014573
NaN,NaN,0.1902,0.3995,NaN,0,NaN,NaN,NaN,0,0,9.62737825718143,3.50113677384459,0.137840030466322,NaN,0,NaN,NaN,NaN,0,0,102.120463503211,11.4027984485815,0.448929072778799,32.0880398189637,1,67.842271560874,983.968958990795,969.273010214923,1,1,18.8802500098122,4.90296654353049,0.193030178879153,30.452554945863,1,66.2912085973544,961.472692659646,946.776743883774,1,1,28.078109461952,5.97914369357016,0.235399358014573
NaN,NaN,0.1969,0.3928,NaN,0,NaN,NaN,NaN,0,0,9.62737825718143,3.50113677384459,0.137840030466322,NaN,0,NaN,NaN,NaN,0,0,102.120463503211,11.4027984485815,0.448929072778799,33.2183756064877,1,70.2320886978764,1018.63032610561,1003.93437732974,1,1,18.8802500098122,4.90296654353049,0.193030178879153,29.9418362521527,1,65.1794411440321,945.347869028057,930.651920252185,1,1,28.078109461952,5.97914369357016,0.235399358014573
