H2,Air,CH4,GOx,H2_P0_bar,H2_P0_psi,H2_Choked,Air_P0_bar,Air_P0_psi,Air_Choked,CH4_P0_bar,CH4_P0_psi,CH4_Choked,GOx_P0_bar,GOx_P0_psi,GOx_Choked,H2_Pdown_bar,Air_Pdown_bar,CH4_Pdown_bar,GOx_Pdown_bar,H2_Orifice_mm,H2_Orifice_in,Air_Orifice_mm,Air_Orifice_in,CH4_Orifice_mm,CH4_Orifice_in,GOx_Orifice_mm,GOx_Orifice_in
0.0212,0.9072,0.0657,0.524,46.6133470461532,676.069174940872,1,46.5391678676655,674.993297339799,1,53.6575547533707,778.236729826284,1,108.547326220834,1574.34524509677,1,21.378952,21.378952,25.378952,37.378952,3.27647849142833,0.128995216197966,11.0246209698361,0.434040195662839,3.24019472018873,0.127566721267273,5.35136588600016,0.210683696299219
0.0239,0.9072,0.0771,0.5126,52.5499525661822,762.172324579568,1,46.5391678676655,674.993297339799,1,62.9679980439099,913.273240024452,1,106.185800421373,1540.09422258894,1,21.378952,21.378952,25.378952,37.378952,3.27647849142833,0.128995216197966,11.0246209698361,0.434040195662839,3.24019472018873,0.127566721267273,5.35136588600016,0.210683696299219
0.0265,0.9072,0.088,0.5017,58.2666838076916,845.08646867609,1,46.5391678676655,674.993297339799,1,71.8700885585483,1042.38709626656,1,103.927850314871,1507.3454379104,1,21.378952,21.378952,25.378952,37.378952,3.27647849142833,0.128995216197966,11.0246209698361,0.434040195662839,3.24019472018873,0.127566721267273,5.35136588600016,0.210683696299219
0.0292,0.9072,0.0985,0.4912,64.2032893277205,931.189618314785,1,46.5391678676655,674.993297339799,1,80.445496852466,1166.76282934382,1,101.752760762736,1475.79844349529,1,21.378952,21.378952,25.378952,37.378952,3.27647849142833,0.128995216197966,11.0246209698361,0.434040195662839,3.24019472018873,0.127566721267273,5.35136588600016,0.210683696299219
0.0318,0.9072,0.1085,0.4812,69.9200205692299,1014.10376241131,1,46.5391678676655,674.993297339799,1,88.6125523704828,1285.21590846502,1,99.6812469035598,1445.75368690948,1,21.378952,21.378952,25.378952,37.378952,3.27647849142833,0.128995216197966,11.0246209698361,0.434040195662839,3.24019472018873,0.127566721267273,5.35136588600016,0.210683696299219
NaN,NaN,0.1182,0.4715,NaN,NaN,0,NaN,NaN,0,96.5345962229592,1400.11539521258,1,97.6718784601589,1416.61027302124,1,21.378952,21.378952,25.378952,37.378952,3.27647849142833,0.128995216197966,11.0246209698361,0.434040195662839,3.24019472018873,0.127566721267273,5.35136588600016,0.210683696299219
NaN,NaN,0.1274,0.4623,NaN,NaN,0,NaN,NaN,0,104.048287299535,1509.09222800409,1,95.7660857097168,1388.96909696228,1,21.378952,21.378952,25.378952,37.378952,3.27647849142833,0.128995216197966,11.0246209698361,0.434040195662839,3.24019472018873,0.127566721267273,5.35136588600016,0.210683696299219
NaN,NaN,0.1363,0.4534,NaN,NaN,0,NaN,NaN,0,111.31696671057,1614.51546842196,1,93.9224383750499,1362.22926360091,1,21.378952,21.378952,25.378952,37.378952,3.27647849142833,0.128995216197966,11.0246209698361,0.434040195662839,3.24019472018873,0.127566721267273,5.35136588600016,0.210683696299219
NaN,NaN,0.1449,0.4448,NaN,NaN,0,NaN,NaN,0,118.340634456064,1716.38511646619,1,92.1409364561584,1336.39077293711,1,21.378952,21.378952,25.378952,37.378952,3.27647849142833,0.128995216197966,11.0246209698361,0.434040195662839,3.24019472018873,0.127566721267273,5.35136588600016,0.210683696299219
NaN,NaN,0.1532,0.4365,NaN,NaN,0,NaN,NaN,0,125.119290536018,1814.70117213678,1,90.4215799530421,1311.45362497088,1,21.378952,21.378952,25.378952,37.378952,3.27647849142833,0.128995216197966,11.0246209698361,0.434040195662839,3.24019472018873,0.127566721267273,5.35136588600016,0.210683696299219
NaN,NaN,0.1611,0.4286,NaN,NaN,0,NaN,NaN,0,131.571264395251,1908.27910464253,1,88.7850840042929,1287.71826726808,1,21.378952,21.378952,25.378952,37.378952,3.27647849142833,0.128995216197966,11.0246209698361,0.434040195662839,3.24019472018873,0.127566721267273,5.35136588600016,0.210683696299219
NaN,NaN,0.1688,0.4209,NaN,NaN,0,NaN,NaN,0,137.859897144124,1999.48797556586,1,87.1900183327272,1264.583804697,1,21.378952,21.378952,25.378952,37.378952,3.27647849142833,0.128995216197966,11.0246209698361,0.434040195662839,3.24019472018873,0.127566721267273,5.35136588600016,0.210683696299219
NaN,NaN,0.1762,0.4135,NaN,NaN,0,NaN,NaN,0,143.903518227457,2087.14325411554,1,85.6570980769368,1242.3506848235,1,21.378952,21.378952,25.378952,37.378952,3.27647849142833,0.128995216197966,11.0246209698361,0.434040195662839,3.24019472018873,0.127566721267273,5.35136588600016,0.210683696299219
NaN,NaN,0.1833,0.4064,NaN,NaN,0,NaN,NaN,0,149.702127645249,2171.2449402916,1,84.1863232369217,1221.01890764757,1,21.378952,21.378952,25.378952,37.378952,3.27647849142833,0.128995216197966,11.0246209698361,0.434040195662839,3.24019472018873,0.127566721267273,5.35136588600016,0.210683696299219
NaN,NaN,0.1902,0.3995,NaN,NaN,0,NaN,NaN,0,155.337395952681,2252.97756488522,1,82.7569786740901,1200.28802560336,1,21.378952,21.378952,25.378952,37.378952,3.27647849142833,0.128995216197966,11.0246209698361,0.434040195662839,3.24019472018873,0.127566721267273,5.35136588600016,0.210683696299219
NaN,NaN,0.1969,0.3928,NaN,NaN,0,NaN,NaN,0,160.809323149752,2332.34112789643,1,81.369064388442,1180.15803869086,1,21.378952,21.378952,25.378952,37.378952,3.27647849142833,0.128995216197966,11.0246209698361,0.434040195662839,3.24019472018873,0.127566721267273,5.35136588600016,0.210683696299219
