H2,Air,CH4,GOx,H2_ManifoldPressure_bar,H2_Choked,Air_ManifoldPressure_bar,Air_Choked,CH4_ManifoldPressure_bar,CH4_Choked,GOx_ManifoldPressure_bar,GOx_Choked
0.0212,0.9072,0.0657,0.524,18.7233217647063,0,19.9843878926711,1,11.0840389910931,0,39.9427754483911,1
0.0239,0.9072,0.0771,0.5126,21.1078957630415,1,19.9843878926711,1,13.0072968982235,0,39.0737914023764,1
0.0265,0.9072,0.088,0.5017,23.4041522058828,1,19.9843878926711,1,14.8462013883744,0,38.2429206917133,1
0.0292,0.9072,0.0985,0.4912,25.7887262042181,1,19.9843878926711,1,16.6176231449418,0,37.4425406493315,1
0.0318,0.9072,0.1085,0.4812,28.0849826470594,1,19.9843878926711,1,18.3046914845298,0,36.6802739423011,1
NaN,NaN,0.1182,0.4715,NaN,0,NaN,0,19.9411477739301,1,35.9408752364816,1
NaN,NaN,0.1274,0.4623,NaN,0,NaN,0,21.4932506463511,1,35.2395898660137,1
NaN,NaN,0.1363,0.4534,NaN,0,NaN,0,22.9947414685844,1,34.5611724967567,1
NaN,NaN,0.1449,0.4448,NaN,0,NaN,0,24.4456202406301,1,33.9056231287106,1
NaN,NaN,0.1532,0.4365,NaN,0,NaN,0,25.8458869624881,1,33.2729417618754,1
NaN,NaN,0.1611,0.4286,NaN,0,NaN,0,27.1786709507627,1,32.6707510633214,1
NaN,NaN,0.1688,0.4209,NaN,0,NaN,0,28.4777135722454,1,32.083805698908,1
NaN,NaN,0.1762,0.4135,NaN,0,NaN,0,29.7261441435405,1,31.5197283357055,1
NaN,NaN,0.1833,0.4064,NaN,0,NaN,0,30.923962664648,1,30.978518973714,1
NaN,NaN,0.1902,0.3995,NaN,0,NaN,0,32.0880398189637,1,30.452554945863,1
NaN,NaN,0.1969,0.3928,NaN,0,NaN,0,33.2183756064877,1,29.9418362521527,1
