time_ms,supply_pressure_psi,upstream_pressure_psi,downstream_pressure_psi,supply_temperature_K,upstream_temperature_K,downstream_temperature_K
0,1500.0,1488.0,0.4,295.0,295.3,250.052
1,1499.7321,1487.7366,0.3996,294.9851,295.2872,250.0412
2,1499.4646,1487.4735,0.3992,294.9702,295.2744,250.0305
3,1499.1974,1487.2108,0.3988,294.9553,295.2616,250.0197
4,1498.9306,1486.9484,0.3984,294.9405,295.2488,250.009
5,1498.6641,1486.6863,0.398,294.9256,295.2361,249.9983
6,1498.3979,1486.4246,0.3976,294.9108,295.2233,249.9876
7,1498.1321,1486.1633,0.3972,294.896,295.2106,249.9769
8,1497.8667,1485.9022,0.3969,294.8812,295.1978,249.9662
9,1497.6016,1485.6416,0.3965,294.8665,295.1851,249.9555
10,1497.3368,1485.3812,0.3961,294.8517,295.1724,249.9448
11,1497.0724,1485.1212,0.3957,294.837,295.1597,249.9342
12,1496.8083,1484.8615,0.3953,294.8223,295.147,249.9235
13,1496.5446,1484.6022,0.3949,294.8076,295.1343,249.9128
14,1496.2812,1484.3432,0.3946,294.7929,295.1217,249.9022
15,1496.0182,1484.0845,0.3942,294.7782,295.109,249.8916
16,1495.7554,1483.8262,0.3938,294.7636,295.0964,249.881
17,1495.4931,1483.5682,0.3934,294.7489,295.0837,249.8703
18,1495.2311,1483.3105,0.3931,294.7343,295.0711,249.8597
19,1494.9694,1483.0532,0.3927,294.7197,295.0585,249.8492
20,1494.708,1482.7962,0.3923,294.7052,295.0459,249.8386
21,1494.447,1482.5396,0.3919,294.6906,295.0333,249.828
22,1494.1864,1482.2833,0.3916,294.6761,295.0208,249.8174
23,1493.926,1482.0273,0.3912,294.6615,295.0082,249.8069
24,1493.6661,1481.7716,0.3908,294.647,294.9956,249.7963
25,1493.4064,1481.5163,0.3905,294.6325,294.9831,249.7858
26,1493.1471,1481.2613,0.3901,294.618,294.9706,249.7753
27,1492.8881,1481.0066,0.3898,294.6036,294.9581,249.7648
28,1492.6295,1480.7523,0.3894,294.5892,294.9455,249.7543
29,1492.3712,1480.4983,0.389,294.5747,294.9331,249.7438
30,1492.1132,1480.2447,0.3887,294.5603,294.9206,249.7333
31,1491.8556,1479.9913,0.3883,294.5459,294.9081,249.7228
32,1491.5983,1479.7383,0.388,294.5316,294.8956,249.7123
33,1491.3413,1479.4856,0.3876,294.5172,294.8832,249.7019
34,1491.0847,1479.2333,0.3873,294.5029,294.8707,249.6914
35,1490.8284,1478.9812,0.3869,294.4885,294.8583,249.681
36,1490.5724,1478.7295,0.3866,294.4742,294.8459,249.6705
37,1490.3168,1478.4782,0.3862,294.4599,294.8335,249.6601
38,1490.0615,1478.2271,0.3859,294.4457,294.8211,249.6497
39,1489.8065,1477.9764,0.3856,294.4314,294.8087,249.6393
40,1489.5519,1477.726,0.3852,294.4172,294.7963,249.6289
41,1489.2976,1477.476,0.3849,294.403,294.784,249.6185
42,1489.0436,1477.2262,0.3845,294.3887,294.7716,249.6082
43,1488.79,1476.9768,0.3842,294.3746,294.7593,249.5978
44,1488.5366,1476.7277,0.3839,294.3604,294.7469,249.5874
45,1488.2837,1476.4789,0.3835,294.3462,294.7346,249.5771
46,1488.031,1476.2305,0.3832,294.3321,294.7223,249.5668
47,1487.7787,1475.9824,0.3829,294.318,294.71,249.5564
48,1487.5267,1475.7346,0.3825,294.3039,294.6977,249.5461
49,1487.275,1475.4871,0.3822,294.2898,294.6855,249.5358
50,1487.0237,1475.2399,0.3819,294.2757,294.6732,249.5255
51,1486.7726,1474.9931,0.3815,294.2617,294.661,249.5152
52,1486.5219,1474.7466,0.3812,294.2476,294.6487,249.5049
53,1486.2716,1474.5004,0.3809,294.2336,294.6365,249.4947
54,1486.0215,1474.2545,0.3806,294.2196,294.6243,249.4844
55,1485.7718,1474.0089,0.3803,294.2056,294.6121,249.4741
56,1485.5224,1473.7637,0.3799,294.1916,294.5999,249.4639
57,1485.2733,1473.5188,0.3796,294.1777,294.5877,249.4537
58,1485.0246,1473.2742,0.3793,294.1637,294.5755,249.4434
59,1484.7762,1473.0299,0.379,294.1498,294.5634,249.4332
60,1484.5281,1472.7859,0.3787,294.1359,294.5512,249.423
61,1484.2803,1472.5423,0.3783,294.122,294.5391,249.4128
62,1484.0328,1472.299,0.378,294.1081,294.5269,249.4026
63,1483.7857,1472.0559,0.3777,294.0943,294.5148,249.3925
64,1483.5389,1471.8132,0.3774,294.0804,294.5027,249.3823
65,1483.2924,1471.5709,0.3771,294.0666,294.4906,249.3721
66,1483.0462,1471.3288,0.3768,294.0528,294.4785,249.362
67,1482.8004,1471.087,0.3765,294.039,294.4665,249.3518
68,1482.5548,1470.8456,0.3762,294.0252,294.4544,249.3417
69,1482.3096,1470.6045,0.3759,294.0115,294.4424,249.3316
70,1482.0647,1470.3636,0.3756,293.9977,294.4303,249.3215
71,1481.8201,1470.1231,0.3753,293.984,294.4183,249.3114
72,1481.5759,1469.883,0.375,293.9703,294.4063,249.3013
73,1481.3319,1469.6431,0.3747,293.9566,294.3943,249.2912
74,1481.0883,1469.4035,0.3744,293.9429,294.3823,249.2811
75,1480.845,1469.1643,0.3741,293.9293,294.3703,249.2711
76,1480.602,1468.9253,0.3738,293.9156,294.3583,249.261
77,1480.3593,1468.6867,0.3735,293.902,294.3464,249.251
78,1480.117,1468.4484,0.3732,293.8884,294.3344,249.2409
79,1479.8749,1468.2103,0.3729,293.8748,294.3225,249.2309
80,1479.6332,1467.9726,0.3726,293.8612,294.3106,249.2209
81,1479.3918,1467.7352,0.3723,293.8476,294.2986,249.2109
82,1479.1507,1467.4982,0.372,293.8341,294.2867,249.2009
83,1478.9099,1467.2614,0.3717,293.8206,294.2748,249.1909
84,1478.6694,1467.0249,0.3715,293.807,294.263,249.1809
85,1478.4292,1466.7887,0.3712,293.7935,294.2511,249.1709
86,1478.1894,1466.5529,0.3709,293.78,294.2392,249.161
87,1477.9498,1466.3173,0.3706,293.7666,294.2274,249.151
88,1477.7106,1466.0821,0.3703,293.7531,294.2155,249.1411
89,1477.4717,1465.8471,0.37,293.7397,294.2037,249.1311
90,1477.2331,1465.6125,0.3698,293.7263,294.1919,249.1212
91,1476.9948,1465.3782,0.3695,293.7129,294.1801,249.1113
92,1476.7568,1465.1442,0.3692,293.6995,294.1683,249.1014
93,1476.5191,1464.9104,0.3689,293.6861,294.1565,249.0915
94,1476.2817,1464.677,0.3687,293.6727,294.1447,249.0816
95,1476.0447,1464.4439,0.3684,293.6594,294.133,249.0717
96,1475.8079,1464.2111,0.3681,293.6461,294.1212,249.0618
97,1475.5714,1463.9786,0.3678,293.6328,294.1095,249.052
98,1475.3353,1463.7464,0.3676,293.6195,294.0978,249.0421
99,1475.0995,1463.5145,0.3673,293.6062,294.0861,249.0323
100,1474.8639,1463.2829,0.367,293.5929,294.0744,249.0225
101,1474.6287,1463.0516,0.3668,293.5797,294.0627,249.0126
102,1474.3938,1462.8206,0.3665,293.5664,294.051,249.0028
103,1474.1592,1462.5899,0.3662,293.5532,294.0393,248.993
104,1473.9249,1462.3595,0.366,293.54,294.0276,248.9832
105,1473.6909,1462.1294,0.3657,293.5268,294.016,248.9734
106,1473.4572,1461.8996,0.3654,293.5137,294.0044,248.9637
107,1473.2238,1461.6701,0.3652,293.5005,293.9927,248.9539
108,1472.9907,1461.4408,0.3649,293.4874,293.9811,248.9441
109,1472.7579,1461.2119,0.3647,293.4743,293.9695,248.9344
110,1472.5254,1460.9833,0.3644,293.4612,293.9579,248.9246
111,1472.2932,1460.755,0.3641,293.4481,293.9463,248.9149
112,1472.0613,1460.527,0.3639,293.435,293.9348,248.9052
113,1471.8298,1460.2993,0.3636,293.4219,293.9232,248.8955
114,1471.5985,1460.0718,0.3634,293.4089,293.9116,248.8858
115,1471.3675,1459.8447,0.3631,293.3959,293.9001,248.8761
116,1471.1368,1459.6179,0.3629,293.3828,293.8886,248.8664
117,1470.9064,1459.3913,0.3626,293.3699,293.8771,248.8567
118,1470.6764,1459.1651,0.3624,293.3569,293.8656,248.8471
119,1470.4466,1458.9391,0.3621,293.3439,293.8541,248.8374
120,1470.2171,1458.7135,0.3619,293.331,293.8426,248.8278
121,1469.9879,1458.4881,0.3616,293.318,293.8311,248.8181
122,1469.759,1458.263,0.3614,293.3051,293.8196,248.8085
123,1469.5304,1458.0382,0.3611,293.2922,293.8082,248.7989
124,1469.3021,1457.8138,0.3609,293.2793,293.7968,248.7893
125,1469.0741,1457.5896,0.3607,293.2664,293.7853,248.7797
126,1468.8464,1457.3657,0.3604,293.2536,293.7739,248.7701
127,1468.619,1457.142,0.3602,293.2407,293.7625,248.7605
128,1468.3919,1456.9187,0.3599,293.2279,293.7511,248.7509
129,1468.1651,1456.6957,0.3597,293.2151,293.7397,248.7414
130,1467.9386,1456.4729,0.3595,293.2023,293.7283,248.7318
131,1467.7124,1456.2505,0.3592,293.1895,293.717,248.7223
132,1467.4864,1456.0283,0.359,293.1767,293.7056,248.7127
133,1467.2608,1455.8064,0.3587,293.164,293.6943,248.7032
134,1467.0354,1455.5848,0.3585,293.1512,293.683,248.6937
135,1466.8104,1455.3635,0.3583,293.1385,293.6716,248.6842
136,1466.5856,1455.1425,0.358,293.1258,293.6603,248.6747
137,1466.3612,1454.9218,0.3578,293.1131,293.649,248.6652
138,1466.137,1454.7014,0.3576,293.1004,293.6377,248.6557
139,1465.9131,1454.4812,0.3573,293.0878,293.6265,248.6462
140,1465.6895,1454.2613,0.3571,293.0751,293.6152,248.6368
141,1465.4662,1454.0418,0.3569,293.0625,293.6039,248.6273
142,1465.2432,1453.8225,0.3567,293.0499,293.5927,248.6179
143,1465.0205,1453.6034,0.3564,293.0373,293.5815,248.6084
144,1464.798,1453.3847,0.3562,293.0247,293.5703,248.599
145,1464.5759,1453.1663,0.356,293.0121,293.559,248.5896
146,1464.354,1452.9481,0.3558,292.9996,293.5478,248.5802
147,1464.1324,1452.7302,0.3555,292.987,293.5367,248.5708
148,1463.9112,1452.5126,0.3553,292.9745,293.5255,248.5614
149,1463.6902,1452.2953,0.3551,292.962,293.5143,248.552
150,1463.4695,1452.0783,0.3549,292.9495,293.5032,248.5426
151,1463.249,1451.8616,0.3547,292.937,293.492,248.5333
152,1463.0289,1451.6451,0.3544,292.9245,293.4809,248.5239
153,1462.8091,1451.4289,0.3542,292.9121,293.4698,248.5146
154,1462.5895,1451.213,0.354,292.8997,293.4586,248.5053
155,1462.3702,1450.9974,0.3538,292.8872,293.4475,248.4959
156,1462.1512,1450.782,0.3536,292.8748,293.4364,248.4866
157,1461.9325,1450.567,0.3534,292.8624,293.4254,248.4773
158,1461.7141,1450.3522,0.3532,292.8501,293.4143,248.468
159,1461.496,1450.1377,0.3529,292.8377,293.4032,248.4587
160,1461.2781,1449.9235,0.3527,292.8253,293.3922,248.4494
161,1461.0605,1449.7095,0.3525,292.813,293.3812,248.4402
162,1460.8432,1449.4959,0.3523,292.8007,293.3701,248.4309
163,1460.6262,1449.2825,0.3521,292.7884,293.3591,248.4217
164,1460.4095,1449.0694,0.3519,292.7761,293.3481,248.4124
165,1460.1931,1448.8565,0.3517,292.7638,293.3371,248.4032
166,1459.9769,1448.644,0.3515,292.7516,293.3261,248.394
167,1459.761,1448.4317,0.3513,292.7393,293.3152,248.3847
168,1459.5454,1448.2197,0.3511,292.7271,293.3042,248.3755
169,1459.3301,1448.0079,0.3509,292.7149,293.2933,248.3663
170,1459.1151,1447.7965,0.3507,292.7027,293.2823,248.3572
171,1458.9003,1447.5853,0.3505,292.6905,293.2714,248.348
172,1458.6858,1447.3744,0.3503,292.6783,293.2605,248.3388
173,1458.4716,1447.1637,0.3501,292.6662,293.2496,248.3296
174,1458.2577,1446.9534,0.3499,292.654,293.2387,248.3205
175,1458.044,1446.7433,0.3497,292.6419,293.2278,248.3113
176,1457.8307,1446.5335,0.3495,292.6298,293.2169,248.3022
177,1457.6176,1446.3239,0.3493,292.6177,293.2061,248.2931
178,1457.4047,1446.1147,0.3491,292.6056,293.1952,248.284
179,1457.1922,1445.9057,0.3489,292.5935,293.1844,248.2749
180,1456.9799,1445.6969,0.3487,292.5815,293.1735,248.2658
181,1456.7679,1445.4885,0.3485,292.5694,293.1627,248.2567
182,1456.5562,1445.2803,0.3483,292.5574,293.1519,248.2476
183,1456.3448,1445.0724,0.3481,292.5454,293.1411,248.2385
184,1456.1336,1444.8647,0.3479,292.5334,293.1303,248.2295
185,1455.9227,1444.6574,0.3477,292.5214,293.1195,248.2204
186,1455.7121,1444.4503,0.3475,292.5094,293.1088,248.2114
187,1455.5018,1444.2434,0.3473,292.4975,293.098,248.2023
188,1455.2917,1444.0369,0.3471,292.4855,293.0873,248.1933
189,1455.0819,1443.8306,0.347,292.4736,293.0765,248.1843
190,1454.8724,1443.6245,0.3468,292.4617,293.0658,248.1753
191,1454.6631,1443.4188,0.3466,292.4498,293.0551,248.1663
192,1454.4542,1443.2133,0.3464,292.4379,293.0444,248.1573
193,1454.2455,1443.008,0.3462,292.426,293.0337,248.1483
194,1454.037,1442.8031,0.346,292.4142,293.023,248.1393
195,1453.8289,1442.5984,0.3458,292.4023,293.0124,248.1304
196,1453.621,1442.3939,0.3457,292.3905,293.0017,248.1214
197,1453.4133,1442.1898,0.3455,292.3787,292.991,248.1125
198,1453.206,1441.9859,0.3453,292.3669,292.9804,248.1035
199,1452.9989,1441.7822,0.3451,292.3551,292.9698,248.0946
200,1452.7921,1441.5789,0.3449,292.3433,292.9592,248.0857
201,1452.5855,1441.3758,0.3448,292.3316,292.9486,248.0768
202,1452.3792,1441.1729,0.3446,292.3198,292.938,248.0679
203,1452.1732,1440.9704,0.3444,292.3081,292.9274,248.059
204,1451.9675,1440.768,0.3442,292.2964,292.9168,248.0501
205,1451.762,1440.566,0.344,292.2847,292.9062,248.0412
206,1451.5568,1440.3642,0.3439,292.273,292.8957,248.0324
207,1451.3519,1440.1627,0.3437,292.2613,292.8851,248.0235
208,1451.1472,1439.9614,0.3435,292.2497,292.8746,248.0147
209,1450.9428,1439.7604,0.3433,292.238,292.8641,248.0058
210,1450.7386,1439.5597,0.3432,292.2264,292.8536,247.997
211,1450.5347,1439.3592,0.343,292.2148,292.8431,247.9882
212,1450.3311,1439.1589,0.3428,292.2032,292.8326,247.9794
213,1450.1278,1438.959,0.3427,292.1916,292.8221,247.9706
214,1449.9247,1438.7593,0.3425,292.18,292.8116,247.9618
215,1449.7219,1438.5598,0.3423,292.1684,292.8012,247.953
216,1449.5193,1438.3607,0.3421,292.1569,292.7907,247.9442
217,1449.317,1438.1617,0.342,292.1454,292.7803,247.9355
218,1449.115,1437.9631,0.3418,292.1338,292.7699,247.9267
219,1448.9132,1437.7647,0.3416,292.1223,292.7595,247.9179
220,1448.7117,1437.5665,0.3415,292.1109,292.7491,247.9092
221,1448.5105,1437.3686,0.3413,292.0994,292.7387,247.9005
222,1448.3095,1437.171,0.3411,292.0879,292.7283,247.8918
223,1448.1087,1436.9736,0.341,292.0765,292.7179,247.883
224,1447.9083,1436.7765,0.3408,292.065,292.7075,247.8743
225,1447.7081,1436.5796,0.3407,292.0536,292.6972,247.8656
226,1447.5081,1436.383,0.3405,292.0422,292.6868,247.857
227,1447.3084,1436.1866,0.3403,292.0308,292.6765,247.8483
228,1447.109,1435.9905,0.3402,292.0194,292.6662,247.8396
229,1446.9099,1435.7947,0.34,292.008,292.6559,247.8309
230,1446.711,1435.5991,0.3399,291.9967,292.6456,247.8223
231,1446.5123,1435.4038,0.3397,291.9853,292.6353,247.8136
232,1446.3139,1435.2087,0.3395,291.974,292.625,247.805
233,1446.1158,1435.0139,0.3394,291.9627,292.6148,247.7964
234,1445.9179,1434.8193,0.3392,291.9514,292.6045,247.7878
235,1445.7203,1434.625,0.3391,291.9401,292.5942,247.7792
236,1445.5229,1434.4309,0.3389,291.9288,292.584,247.7706
237,1445.3258,1434.2371,0.3388,291.9176,292.5738,247.762
238,1445.129,1434.0435,0.3386,291.9063,292.5636,247.7534
239,1444.9324,1433.8502,0.3384,291.8951,292.5534,247.7448
240,1444.736,1433.6571,0.3383,291.8839,292.5432,247.7363
241,1444.54,1433.4643,0.3381,291.8727,292.533,247.7277
242,1444.3441,1433.2717,0.338,291.8615,292.5228,247.7192
243,1444.1486,1433.0794,0.3378,291.8503,292.5126,247.7106
244,1443.9532,1432.8874,0.3377,291.8392,292.5025,247.7021
245,1443.7582,1432.6955,0.3375,291.828,292.4923,247.6936
246,1443.5634,1432.504,0.3374,291.8169,292.4822,247.6851
247,1443.3688,1432.3127,0.3372,291.8057,292.4721,247.6766
248,1443.1745,1432.1216,0.3371,291.7946,292.462,247.6681
249,1442.9804,1431.9308,0.3369,291.7835,292.4519,247.6596
250,1442.7866,1431.7402,0.3368,291.7724,292.4418,247.6511
251,1442.5931,1431.5499,0.3366,291.7614,292.4317,247.6426
252,1442.3998,1431.3598,0.3365,291.7503,292.4216,247.6342
253,1442.2067,1431.17,0.3363,291.7393,292.4116,247.6257
254,1442.014,1430.9804,0.3362,291.7282,292.4015,247.6173
255,1441.8214,1430.7911,0.3361,291.7172,292.3915,247.6089
256,1441.6291,1430.602,0.3359,291.7062,292.3815,247.6004
257,1441.4371,1430.4131,0.3358,291.6952,292.3714,247.592
258,1441.2453,1430.2245,0.3356,291.6843,292.3614,247.5836
259,1441.0537,1430.0362,0.3355,291.6733,292.3514,247.5752
260,1440.8624,1429.848,0.3353,291.6623,292.3415,247.5668
261,1440.6714,1429.6602,0.3352,291.6514,292.3315,247.5584
262,1440.4806,1429.4726,0.3351,291.6405,292.3215,247.5501
263,1440.29,1429.2852,0.3349,291.6296,292.3116,247.5417
264,1440.0997,1429.098,0.3348,291.6187,292.3016,247.5333
265,1439.9097,1428.9112,0.3346,291.6078,292.2917,247.525
266,1439.7198,1428.7245,0.3345,291.5969,292.2817,247.5167
267,1439.5303,1428.5381,0.3344,291.586,292.2718,247.5083
268,1439.341,1428.3519,0.3342,291.5752,292.2619,247.5
269,1439.1519,1428.166,0.3341,291.5644,292.252,247.4917
270,1438.9631,1427.9803,0.334,291.5535,292.2421,247.4834
271,1438.7745,1427.7949,0.3338,291.5427,292.2323,247.4751
272,1438.5861,1427.6097,0.3337,291.5319,292.2224,247.4668
273,1438.398,1427.4247,0.3336,291.5212,292.2126,247.4585
274,1438.2102,1427.24,0.3334,291.5104,292.2027,247.4503
275,1438.0226,1427.0555,0.3333,291.4996,292.1929,247.442
276,1437.8352,1426.8713,0.3332,291.4889,292.1831,247.4338
277,1437.6481,1426.6873,0.333,291.4782,292.1732,247.4255
278,1437.4612,1426.5036,0.3329,291.4675,292.1634,247.4173
279,1437.2746,1426.32,0.3328,291.4567,292.1536,247.4091
280,1437.0882,1426.1367,0.3326,291.4461,292.1439,247.4008
281,1436.9021,1425.9537,0.3325,291.4354,292.1341,247.3926
282,1436.7162,1425.7709,0.3324,291.4247,292.1243,247.3844
283,1436.5305,1425.5883,0.3322,291.4141,292.1146,247.3762
284,1436.3451,1425.406,0.3321,291.4034,292.1048,247.3681
285,1436.1599,1425.2239,0.332,291.3928,292.0951,247.3599
286,1435.975,1425.042,0.3319,291.3822,292.0854,247.3517
287,1435.7903,1424.8604,0.3317,291.3716,292.0757,247.3436
288,1435.6058,1424.679,0.3316,291.361,292.066,247.3354
289,1435.4216,1424.4979,0.3315,291.3504,292.0563,247.3273
290,1435.2376,1424.317,0.3313,291.3399,292.0466,247.3191
291,1435.0539,1424.1363,0.3312,291.3293,292.0369,247.311
292,1434.8704,1423.9558,0.3311,291.3188,292.0273,247.3029
293,1434.6871,1423.7756,0.331,291.3083,292.0176,247.2948
294,1434.5041,1423.5957,0.3309,291.2977,292.008,247.2867
295,1434.3213,1423.4159,0.3307,291.2872,291.9983,247.2786
296,1434.1387,1423.2364,0.3306,291.2768,291.9887,247.2705
297,1433.9564,1423.0571,0.3305,291.2663,291.9791,247.2625
298,1433.7743,1422.8781,0.3304,291.2558,291.9695,247.2544
299,1433.5925,1422.6993,0.3302,291.2454,291.9599,247.2463
300,1433.4109,1422.5207,0.3301,291.2349,291.9503,247.2383
301,1433.2295,1422.3424,0.33,291.2245,291.9408,247.2303
302,1433.0484,1422.1642,0.3299,291.2141,291.9312,247.2222
303,1432.8675,1421.9864,0.3298,291.2037,291.9217,247.2142
304,1432.6868,1421.8087,0.3296,291.1933,291.9121,247.2062
305,1432.5064,1421.6313,0.3295,291.183,291.9026,247.1982
306,1432.3262,1421.4541,0.3294,291.1726,291.8931,247.1902
307,1432.1462,1421.2771,0.3293,291.1623,291.8836,247.1822
308,1431.9665,1421.1004,0.3292,291.1519,291.8741,247.1742
309,1431.787,1420.9239,0.3291,291.1416,291.8646,247.1662
310,1431.6078,1420.7476,0.3289,291.1313,291.8551,247.1583
311,1431.4287,1420.5716,0.3288,291.121,291.8456,247.1503
312,1431.2499,1420.3958,0.3287,291.1107,291.8362,247.1424
313,1431.0714,1420.2202,0.3286,291.1004,291.8267,247.1344
314,1430.893,1420.0448,0.3285,291.0902,291.8173,247.1265
315,1430.7149,1419.8697,0.3284,291.0799,291.8079,247.1186
316,1430.5371,1419.6948,0.3283,291.0697,291.7984,247.1107
317,1430.3594,1419.5201,0.3281,291.0595,291.789,247.1028
318,1430.182,1419.3457,0.328,291.0493,291.7796,247.0949
319,1430.0049,1419.1714,0.3279,291.0391,291.7702,247.087
320,1429.8279,1418.9975,0.3278,291.0289,291.7609,247.0791
321,1429.6512,1418.8237,0.3277,291.0187,291.7515,247.0712
322,1429.4747,1418.6501,0.3276,291.0085,291.7421,247.0634
323,1429.2985,1418.4768,0.3275,290.9984,291.7328,247.0555
324,1429.1224,1418.3037,0.3274,290.9883,291.7234,247.0477
325,1428.9466,1418.1309,0.3273,290.9781,291.7141,247.0398
326,1428.7711,1417.9582,0.3271,290.968,291.7048,247.032
327,1428.5957,1417.7858,0.327,290.9579,291.6955,247.0242
328,1428.4206,1417.6136,0.3269,290.9478,291.6862,247.0164
329,1428.2457,1417.4416,0.3268,290.9378,291.6769,247.0086
330,1428.0711,1417.2699,0.3267,290.9277,291.6676,247.0008
331,1427.8966,1417.0984,0.3266,290.9177,291.6583,246.993
332,1427.7224,1416.9271,0.3265,290.9076,291.6491,246.9852
333,1427.5485,1416.756,0.3264,290.8976,291.6398,246.9774
334,1427.3747,1416.5851,0.3263,290.8876,291.6306,246.9697
335,1427.2012,1416.4145,0.3262,290.8776,291.6213,246.9619
336,1427.0279,1416.2441,0.3261,290.8676,291.6121,246.9542
337,1426.8548,1416.0739,0.326,290.8576,291.6029,246.9464
338,1426.6819,1415.9039,0.3259,290.8476,291.5937,246.9387
339,1426.5093,1415.7342,0.3258,290.8377,291.5845,246.931
340,1426.3369,1415.5646,0.3257,290.8278,291.5753,246.9233
341,1426.1647,1415.3953,0.3256,290.8178,291.5662,246.9156
342,1425.9928,1415.2262,0.3255,290.8079,291.557,246.9079
343,1425.821,1415.0574,0.3254,290.798,291.5478,246.9002
344,1425.6495,1414.8887,0.3253,290.7881,291.5387,246.8925
345,1425.4783,1414.7203,0.3252,290.7782,291.5296,246.8848
346,1425.3072,1414.5521,0.3251,290.7684,291.5204,246.8772
347,1425.1363,1414.3841,0.325,290.7585,291.5113,246.8695
348,1424.9657,1414.2163,0.3249,290.7487,291.5022,246.8619
349,1424.7953,1414.0487,0.3248,290.7388,291.4931,246.8542
350,1424.6252,1413.8814,0.3247,290.729,291.4841,246.8466
351,1424.4552,1413.7143,0.3246,290.7192,291.475,246.839
352,1424.2855,1413.5474,0.3245,290.7094,291.4659,246.8314
353,1424.1159,1413.3807,0.3244,290.6996,291.4569,246.8238
354,1423.9467,1413.2142,0.3243,290.6898,291.4478,246.8162
355,1423.7776,1413.048,0.3242,290.6801,291.4388,246.8086
356,1423.6087,1412.8819,0.3241,290.6703,291.4297,246.801
357,1423.4401,1412.7161,0.324,290.6606,291.4207,246.7934
358,1423.2717,1412.5505,0.3239,290.6509,291.4117,246.7858
359,1423.1035,1412.3851,0.3238,290.6412,291.4027,246.7783
360,1422.9355,1412.2199,0.3237,290.6315,291.3937,246.7707
361,1422.7677,1412.0549,0.3236,290.6218,291.3848,246.7632
362,1422.6002,1411.8902,0.3235,290.6121,291.3758,246.7557
363,1422.4329,1411.7257,0.3234,290.6024,291.3668,246.7481
364,1422.2658,1411.5613,0.3233,290.5928,291.3579,246.7406
365,1422.0989,1411.3972,0.3232,290.5831,291.3489,246.7331
366,1421.9322,1411.2333,0.3231,290.5735,291.34,246.7256
367,1421.7657,1411.0697,0.323,290.5639,291.3311,246.7181
368,1421.5995,1410.9062,0.3229,290.5543,291.3222,246.7106
369,1421.4335,1410.7429,0.3229,290.5447,291.3133,246.7032
370,1421.2677,1410.5799,0.3228,290.5351,291.3044,246.6957
371,1421.1021,1410.417,0.3227,290.5255,291.2955,246.6882
372,1420.9367,1410.2544,0.3226,290.5159,291.2866,246.6808
373,1420.7715,1410.092,0.3225,290.5064,291.2778,246.6733
374,1420.6066,1409.9298,0.3224,290.4969,291.2689,246.6659
375,1420.4419,1409.7678,0.3223,290.4873,291.2601,246.6585
376,1420.2773,1409.606,0.3222,290.4778,291.2512,246.651
377,1420.113,1409.4445,0.3221,290.4683,291.2424,246.6436
378,1419.9489,1409.2831,0.322,290.4588,291.2336,246.6362
379,1419.7851,1409.122,0.322,290.4493,291.2248,246.6288
380,1419.6214,1408.961,0.3219,290.4399,291.216,246.6214
381,1419.4579,1408.8003,0.3218,290.4304,291.2072,246.6141
382,1419.2947,1408.6398,0.3217,290.421,291.1984,246.6067
383,1419.1317,1408.4795,0.3216,290.4115,291.1897,246.5993
384,1418.9688,1408.3194,0.3215,290.4021,291.1809,246.592
385,1418.8062,1408.1595,0.3214,290.3927,291.1722,246.5846
386,1418.6438,1407.9998,0.3214,290.3833,291.1634,246.5773
387,1418.4817,1407.8403,0.3213,290.3739,291.1547,246.5699
388,1418.3197,1407.681,0.3212,290.3645,291.146,246.5626
389,1418.1579,1407.522,0.3211,290.3552,291.1373,246.5553
390,1417.9964,1407.3631,0.321,290.3458,291.1286,246.548
391,1417.835,1407.2044,0.3209,290.3365,291.1199,246.5407
392,1417.6739,1407.046,0.3208,290.3271,291.1112,246.5334
393,1417.513,1406.8878,0.3208,290.3178,291.1025,246.5261
394,1417.3523,1406.7297,0.3207,290.3085,291.0939,246.5188
395,1417.1917,1406.5719,0.3206,290.2992,291.0852,246.5116
396,1417.0314,1406.4143,0.3205,290.2899,291.0766,246.5043
397,1416.8714,1406.2568,0.3204,290.2807,291.0679,246.4971
398,1416.7115,1406.0996,0.3204,290.2714,291.0593,246.4898
399,1416.5518,1405.9426,0.3203,290.2621,291.0507,246.4826
400,1416.3923,1405.7858,0.3202,290.2529,291.0421,246.4753
401,1416.2331,1405.6292,0.3201,290.2437,291.0335,246.4681
402,1416.074,1405.4728,0.32,290.2345,291.0249,246.4609
403,1415.9152,1405.3166,0.3199,290.2253,291.0163,246.4537
404,1415.7565,1405.1606,0.3199,290.2161,291.0077,246.4465
405,1415.5981,1405.0048,0.3198,290.2069,290.9992,246.4393
406,1415.4399,1404.8492,0.3197,290.1977,290.9906,246.4321
407,1415.2819,1404.6938,0.3196,290.1885,290.9821,246.4249
408,1415.124,1404.5386,0.3196,290.1794,290.9736,246.4178
409,1414.9664,1404.3837,0.3195,290.1702,290.965,246.4106
410,1414.809,1404.2289,0.3194,290.1611,290.9565,246.4035
411,1414.6518,1404.0743,0.3193,290.152,290.948,246.3963
412,1414.4948,1403.9199,0.3192,290.1429,290.9395,246.3892
413,1414.338,1403.7657,0.3192,290.1338,290.931,246.3821
414,1414.1814,1403.6117,0.3191,290.1247,290.9226,246.3749
415,1414.025,1403.458,0.319,290.1156,290.9141,246.3678
416,1413.8689,1403.3044,0.3189,290.1066,290.9056,246.3607
417,1413.7129,1403.151,0.3189,290.0975,290.8972,246.3536
418,1413.5571,1402.9978,0.3188,290.0885,290.8887,246.3465
419,1413.4015,1402.8448,0.3187,290.0795,290.8803,246.3395
420,1413.2462,1402.6921,0.3186,290.0704,290.8719,246.3324
421,1413.091,1402.5395,0.3186,290.0614,290.8635,246.3253
422,1412.936,1402.3871,0.3185,290.0524,290.8551,246.3183
423,1412.7812,1402.2349,0.3184,290.0435,290.8467,246.3112
424,1412.6267,1402.0829,0.3183,290.0345,290.8383,246.3042
425,1412.4723,1401.9311,0.3183,290.0255,290.8299,246.2971
426,1412.3181,1401.7795,0.3182,290.0166,290.8216,246.2901
427,1412.1642,1401.6281,0.3181,290.0076,290.8132,246.2831
428,1412.0104,1401.4769,0.3181,289.9987,290.8049,246.2761
429,1411.8568,1401.3259,0.318,289.9898,290.7965,246.2691
430,1411.7035,1401.1751,0.3179,289.9809,290.7882,246.2621
431,1411.5503,1401.0245,0.3178,289.972,290.7799,246.2551
432,1411.3973,1400.874,0.3178,289.9631,290.7716,246.2481
433,1411.2446,1400.7238,0.3177,289.9542,290.7633,246.2411
434,1411.092,1400.5738,0.3176,289.9454,290.755,246.2342
435,1410.9396,1400.424,0.3176,289.9365,290.7467,246.2272
436,1410.7874,1400.2743,0.3175,289.9277,290.7384,246.2203
437,1410.6355,1400.1249,0.3174,289.9188,290.7301,246.2133
438,1410.4837,1399.9756,0.3173,289.91,290.7219,246.2064
439,1410.3321,1399.8266,0.3173,289.9012,290.7136,246.1995
440,1410.1807,1399.6777,0.3172,289.8924,290.7054,246.1925
441,1410.0295,1399.529,0.3171,289.8836,290.6972,246.1856
442,1409.8785,1399.3806,0.3171,289.8748,290.6889,246.1787
443,1409.7277,1399.2323,0.317,289.8661,290.6807,246.1718
444,1409.5771,1399.0842,0.3169,289.8573,290.6725,246.1649
445,1409.4267,1398.9363,0.3169,289.8486,290.6643,246.1581
446,1409.2765,1398.7886,0.3168,289.8398,290.6562,246.1512
447,1409.1265,1398.6411,0.3167,289.8311,290.648,246.1443
448,1408.9767,1398.4937,0.3167,289.8224,290.6398,246.1375
449,1408.8271,1398.3466,0.3166,289.8137,290.6317,246.1306
450,1408.6776,1398.1997,0.3165,289.805,290.6235,246.1238
451,1408.5284,1398.0529,0.3165,289.7963,290.6154,246.1169
452,1408.3794,1397.9064,0.3164,289.7876,290.6073,246.1101
453,1408.2305,1397.76,0.3163,289.779,290.5991,246.1033
454,1408.0818,1397.6138,0.3163,289.7703,290.591,246.0965
455,1407.9334,1397.4678,0.3162,289.7617,290.5829,246.0897
456,1407.7851,1397.322,0.3161,289.7531,290.5748,246.0829
457,1407.637,1397.1764,0.3161,289.7444,290.5667,246.0761
458,1407.4891,1397.031,0.316,289.7358,290.5587,246.0693
459,1407.3415,1396.8858,0.3159,289.7272,290.5506,246.0625
460,1407.194,1396.7407,0.3159,289.7186,290.5425,246.0557
461,1407.0466,1396.5959,0.3158,289.7101,290.5345,246.049
462,1406.8995,1396.4512,0.3158,289.7015,290.5265,246.0422
463,1406.7526,1396.3067,0.3157,289.6929,290.5184,246.0355
464,1406.6059,1396.1624,0.3156,289.6844,290.5104,246.0287
465,1406.4593,1396.0183,0.3156,289.6759,290.5024,246.022
466,1406.313,1395.8744,0.3155,289.6673,290.4944,246.0153
467,1406.1668,1395.7307,0.3154,289.6588,290.4864,246.0086
468,1406.0208,1395.5871,0.3154,289.6503,290.4784,246.0019
469,1405.875,1395.4438,0.3153,289.6418,290.4704,245.9952
470,1405.7294,1395.3006,0.3153,289.6334,290.4625,245.9885
471,1405.584,1395.1576,0.3152,289.6249,290.4545,245.9818
472,1405.4388,1395.0148,0.3151,289.6164,290.4465,245.9751
473,1405.2938,1394.8722,0.3151,289.608,290.4386,245.9684
474,1405.149,1394.7298,0.315,289.5995,290.4307,245.9618
475,1405.0043,1394.5876,0.315,289.5911,290.4227,245.9551
476,1404.8598,1394.4455,0.3149,289.5827,290.4148,245.9485
477,1404.7156,1394.3036,0.3148,289.5743,290.4069,245.9418
478,1404.5715,1394.1619,0.3148,289.5659,290.399,245.9352
479,1404.4276,1394.0204,0.3147,289.5575,290.3911,245.9286
480,1404.2838,1393.8791,0.3147,289.5491,290.3833,245.9219
481,1404.1403,1393.738,0.3146,289.5407,290.3754,245.9153
482,1403.997,1393.597,0.3145,289.5324,290.3675,245.9087
483,1403.8538,1393.4563,0.3145,289.524,290.3597,245.9021
484,1403.7109,1393.3157,0.3144,289.5157,290.3518,245.8955
485,1403.5681,1393.1753,0.3144,289.5074,290.344,245.889
486,1403.4255,1393.035,0.3143,289.4991,290.3362,245.8824
487,1403.2831,1392.895,0.3143,289.4907,290.3283,245.8758
488,1403.1408,1392.7551,0.3142,289.4824,290.3205,245.8692
489,1402.9988,1392.6155,0.3141,289.4742,290.3127,245.8627
490,1402.8569,1392.476,0.3141,289.4659,290.3049,245.8561
491,1402.7153,1392.3367,0.314,289.4576,290.2972,245.8496
492,1402.5738,1392.1975,0.314,289.4494,290.2894,245.8431
493,1402.4325,1392.0586,0.3139,289.4411,290.2816,245.8366
494,1402.2913,1391.9198,0.3139,289.4329,290.2739,245.83
495,1402.1504,1391.7812,0.3138,289.4247,290.2661,245.8235
496,1402.0096,1391.6428,0.3138,289.4164,290.2584,245.817
497,1401.8691,1391.5046,0.3137,289.4082,290.2506,245.8105
498,1401.7287,1391.3665,0.3136,289.4,290.2429,245.804
499,1401.5885,1391.2286,0.3136,289.3919,290.2352,245.7976
500,1401.4484,1391.091,0.3135,289.3837,290.2275,245.7911
501,1401.3086,1390.9534,0.3135,289.3755,290.2198,245.7846
502,1401.1689,1390.8161,0.3134,289.3674,290.2121,245.7782
503,1401.0294,1390.6789,0.3134,289.3592,290.2044,245.7717
504,1400.8901,1390.542,0.3133,289.3511,290.1968,245.7653
505,1400.751,1390.4052,0.3133,289.343,290.1891,245.7588
506,1400.6121,1390.2685,0.3132,289.3348,290.1814,245.7524
507,1400.4733,1390.1321,0.3132,289.3267,290.1738,245.746
508,1400.3347,1389.9958,0.3131,289.3186,290.1662,245.7396
509,1400.1963,1389.8597,0.3131,289.3106,290.1585,245.7332
510,1400.0581,1389.7238,0.313,289.3025,290.1509,245.7268
511,1399.9201,1389.5881,0.313,289.2944,290.1433,245.7204
512,1399.7822,1389.4525,0.3129,289.2864,290.1357,245.714
513,1399.6445,1389.3171,0.3128,289.2783,290.1281,245.7076
514,1399.507,1389.1819,0.3128,289.2703,290.1205,245.7012
515,1399.3697,1389.0469,0.3127,289.2623,290.1129,245.6949
516,1399.2326,1388.912,0.3127,289.2542,290.1054,245.6885
517,1399.0956,1388.7774,0.3126,289.2462,290.0978,245.6822
518,1398.9588,1388.6428,0.3126,289.2382,290.0903,245.6758
519,1398.8222,1388.5085,0.3125,289.2302,290.0827,245.6695
520,1398.6858,1388.3744,0.3125,289.2223,290.0752,245.6631
521,1398.5495,1388.2404,0.3124,289.2143,290.0677,245.6568
522,1398.4134,1388.1066,0.3124,289.2063,290.0601,245.6505
523,1398.2775,1387.9729,0.3123,289.1984,290.0526,245.6442
524,1398.1418,1387.8395,0.3123,289.1905,290.0451,245.6379
525,1398.0063,1387.7062,0.3122,289.1825,290.0376,245.6316
526,1397.8709,1387.573,0.3122,289.1746,290.0301,245.6253
527,1397.7357,1387.4401,0.3121,289.1667,290.0227,245.619
528,1397.6007,1387.3073,0.3121,289.1588,290.0152,245.6128
529,1397.4658,1387.1747,0.3121,289.1509,290.0077,245.6065
530,1397.3312,1387.0423,0.312,289.143,290.0003,245.6002
531,1397.1967,1386.9101,0.312,289.1352,289.9929,245.594
532,1397.0623,1386.778,0.3119,289.1273,289.9854,245.5878
533,1396.9282,1386.6461,0.3119,289.1195,289.978,245.5815
534,1396.7942,1386.5143,0.3118,289.1116,289.9706,245.5753
535,1396.6604,1386.3828,0.3118,289.1038,289.9632,245.5691
536,1396.5268,1386.2514,0.3117,289.096,289.9558,245.5629
537,1396.3934,1386.1201,0.3117,289.0882,289.9484,245.5566
538,1396.2601,1385.9891,0.3116,289.0804,289.941,245.5504
539,1396.127,1385.8582,0.3116,289.0726,289.9336,245.5442
540,1395.994,1385.7275,0.3115,289.0648,289.9263,245.5381
541,1395.8613,1385.5969,0.3115,289.057,289.9189,245.5319
542,1395.7287,1385.4665,0.3114,289.0493,289.9116,245.5257
543,1395.5963,1385.3363,0.3114,289.0415,289.9042,245.5195
544,1395.464,1385.2063,0.3113,289.0338,289.8969,245.5134
545,1395.332,1385.0764,0.3113,289.026,289.8896,245.5072
546,1395.2001,1384.9467,0.3113,289.0183,289.8822,245.5011
547,1395.0683,1384.8172,0.3112,289.0106,289.8749,245.4949
548,1394.9368,1384.6878,0.3112,289.0029,289.8676,245.4888
549,1394.8054,1384.5586,0.3111,288.9952,289.8603,245.4827
550,1394.6742,1384.4296,0.3111,288.9875,289.8531,245.4766
551,1394.5431,1384.3008,0.311,288.9798,289.8458,245.4705
552,1394.4123,1384.1721,0.311,288.9721,289.8385,245.4644
553,1394.2816,1384.0435,0.3109,288.9645,289.8313,245.4583
554,1394.151,1383.9152,0.3109,288.9568,289.824,245.4522
555,1394.0207,1383.787,0.3109,288.9492,289.8168,245.4461
556,1393.8905,1383.659,0.3108,288.9416,289.8095,245.44
557,1393.7604,1383.5311,0.3108,288.9339,289.8023,245.4339
558,1393.6306,1383.4034,0.3107,288.9263,289.7951,245.4279
559,1393.5009,1383.2759,0.3107,288.9187,289.7879,245.4218
560,1393.3714,1383.1485,0.3106,288.9111,289.7807,245.4158
561,1393.242,1383.0213,0.3106,288.9036,289.7735,245.4097
562,1393.1128,1382.8943,0.3106,288.896,289.7663,245.4037
563,1392.9838,1382.7674,0.3105,288.8884,289.7591,245.3977
564,1392.855,1382.6407,0.3105,288.8809,289.752,245.3916
565,1392.7263,1382.5142,0.3104,288.8733,289.7448,245.3856
566,1392.5978,1382.3878,0.3104,288.8658,289.7376,245.3796
567,1392.4694,1382.2616,0.3104,288.8583,289.7305,245.3736
568,1392.3413,1382.1356,0.3103,288.8507,289.7234,245.3676
569,1392.2132,1382.0097,0.3103,288.8432,289.7162,245.3616
570,1392.0854,1381.884,0.3102,288.8357,289.7091,245.3557
571,1391.9577,1381.7584,0.3102,288.8282,289.702,245.3497
572,1391.8302,1381.633,0.3101,288.8208,289.6949,245.3437
573,1391.7028,1381.5078,0.3101,288.8133,289.6878,245.3378
574,1391.5757,1381.3827,0.3101,288.8058,289.6807,245.3318
575,1391.4486,1381.2578,0.31,288.7984,289.6736,245.3259
576,1391.3218,1381.1331,0.31,288.7909,289.6666,245.3199
577,1391.1951,1381.0085,0.3099,288.7835,289.6595,245.314
578,1391.0686,1380.8841,0.3099,288.7761,289.6525,245.3081
579,1390.9422,1380.7598,0.3099,288.7686,289.6454,245.3021
580,1390.816,1380.6358,0.3098,288.7612,289.6384,245.2962
581,1390.69,1380.5118,0.3098,288.7538,289.6313,245.2903
582,1390.5641,1380.3881,0.3097,288.7465,289.6243,245.2844
583,1390.4384,1380.2644,0.3097,288.7391,289.6173,245.2785
584,1390.3129,1380.141,0.3097,288.7317,289.6103,245.2727
585,1390.1875,1380.0177,0.3096,288.7243,289.6033,245.2668
586,1390.0623,1379.8946,0.3096,288.717,289.5963,245.2609
587,1389.9372,1379.7716,0.3096,288.7096,289.5893,245.255
588,1389.8123,1379.6488,0.3095,288.7023,289.5824,245.2492
589,1389.6876,1379.5262,0.3095,288.695,289.5754,245.2433
590,1389.563,1379.4037,0.3094,288.6877,289.5684,245.2375
591,1389.4386,1379.2813,0.3094,288.6804,289.5615,245.2316
592,1389.3144,1379.1592,0.3094,288.6731,289.5545,245.2258
593,1389.1903,1379.0371,0.3093,288.6658,289.5476,245.22
594,1389.0664,1378.9153,0.3093,288.6585,289.5407,245.2142
595,1388.9426,1378.7936,0.3093,288.6512,289.5338,245.2084
596,1388.819,1378.6721,0.3092,288.644,289.5269,245.2026
597,1388.6956,1378.5507,0.3092,288.6367,289.5199,245.1968
598,1388.5723,1378.4295,0.3091,288.6295,289.5131,245.191
599,1388.4492,1378.3084,0.3091,288.6222,289.5062,245.1852
600,1388.3263,1378.1875,0.3091,288.615,289.4993,245.1794
601,1388.2035,1378.0667,0.309,288.6078,289.4924,245.1736
602,1388.0808,1377.9461,0.309,288.6006,289.4856,245.1679
603,1387.9583,1377.8257,0.309,288.5934,289.4787,245.1621
604,1387.836,1377.7054,0.3089,288.5862,289.4719,245.1564
605,1387.7139,1377.5853,0.3089,288.579,289.465,245.1506
606,1387.5919,1377.4653,0.3089,288.5718,289.4582,245.1449
607,1387.47,1377.3455,0.3088,288.5647,289.4514,245.1391
608,1387.3483,1377.2259,0.3088,288.5575,289.4445,245.1334
609,1387.2268,1377.1064,0.3088,288.5504,289.4377,245.1277
610,1387.1054,1376.987,0.3087,288.5432,289.4309,245.122
611,1386.9842,1376.8678,0.3087,288.5361,289.4241,245.1163
612,1386.8632,1376.7488,0.3086,288.529,289.4174,245.1106
613,1386.7423,1376.6299,0.3086,288.5219,289.4106,245.1049
614,1386.6215,1376.5112,0.3086,288.5148,289.4038,245.0992
615,1386.501,1376.3926,0.3085,288.5077,289.397,245.0935
616,1386.3805,1376.2742,0.3085,288.5006,289.3903,245.0878
617,1386.2603,1376.1559,0.3085,288.4935,289.3836,245.0822
618,1386.1401,1376.0378,0.3084,288.4864,289.3768,245.0765
619,1386.0202,1375.9199,0.3084,288.4794,289.3701,245.0709
620,1385.9004,1375.802,0.3084,288.4723,289.3634,245.0652
621,1385.7807,1375.6844,0.3083,288.4653,289.3566,245.0596
622,1385.6613,1375.5669,0.3083,288.4583,289.3499,245.0539
623,1385.5419,1375.4496,0.3083,288.4512,289.3432,245.0483
624,1385.4227,1375.3324,0.3082,288.4442,289.3365,245.0427
625,1385.3037,1375.2153,0.3082,288.4372,289.3299,245.0371
626,1385.1848,1375.0984,0.3082,288.4302,289.3232,245.0315
627,1385.0661,1374.9817,0.3081,288.4232,289.3165,245.0259
628,1384.9476,1374.8651,0.3081,288.4162,289.3099,245.0203
629,1384.8292,1374.7487,0.3081,288.4093,289.3032,245.0147
630,1384.7109,1374.6324,0.308,288.4023,289.2966,245.0091
631,1384.5928,1374.5163,0.308,288.3954,289.2899,245.0035
632,1384.4749,1374.4003,0.308,288.3884,289.2833,244.998
633,1384.3571,1374.2844,0.3079,288.3815,289.2767,244.9924
634,1384.2394,1374.1688,0.3079,288.3745,289.2701,244.9868
635,1384.1219,1374.0532,0.3079,288.3676,289.2635,244.9813
636,1384.0046,1373.9379,0.3079,288.3607,289.2569,244.9758
637,1383.8874,1373.8226,0.3078,288.3538,289.2503,244.9702
638,1383.7704,1373.7075,0.3078,288.3469,289.2437,244.9647
639,1383.6535,1373.5926,0.3078,288.34,289.2371,244.9592
640,1383.5368,1373.4778,0.3077,288.3332,289.2305,244.9536
641,1383.4202,1373.3632,0.3077,288.3263,289.224,244.9481
642,1383.3038,1373.2487,0.3077,288.3194,289.2174,244.9426
643,1383.1875,1373.1344,0.3076,288.3126,289.2109,244.9371
644,1383.0714,1373.0202,0.3076,288.3057,289.2043,244.9316
645,1382.9554,1372.9062,0.3076,288.2989,289.1978,244.9262
646,1382.8396,1372.7923,0.3075,288.2921,289.1913,244.9207
647,1382.7239,1372.6785,0.3075,288.2853,289.1848,244.9152
648,1382.6084,1372.5649,0.3075,288.2784,289.1783,244.9097
649,1382.493,1372.4515,0.3075,288.2716,289.1718,244.9043
650,1382.3778,1372.3382,0.3074,288.2649,289.1653,244.8988
651,1382.2628,1372.225,0.3074,288.2581,289.1588,244.8934
652,1382.1478,1372.112,0.3074,288.2513,289.1523,244.8879
653,1382.0331,1371.9992,0.3073,288.2445,289.1458,244.8825
654,1381.9184,1371.8865,0.3073,288.2378,289.1394,244.8771
655,1381.804,1371.7739,0.3073,288.231,289.1329,244.8716
656,1381.6896,1371.6615,0.3073,288.2243,289.1265,244.8662
657,1381.5755,1371.5492,0.3072,288.2175,289.12,244.8608
658,1381.4614,1371.4371,0.3072,288.2108,289.1136,244.8554
659,1381.3476,1371.3251,0.3072,288.2041,289.1072,244.85
660,1381.2338,1371.2133,0.3071,288.1974,289.1007,244.8446
661,1381.1202,1371.1016,0.3071,288.1907,289.0943,244.8392
662,1381.0068,1370.99,0.3071,288.184,289.0879,244.8339
663,1380.8935,1370.8786,0.3071,288.1773,289.0815,244.8285
664,1380.7804,1370.7674,0.307,288.1706,289.0751,244.8231
665,1380.6674,1370.6563,0.307,288.164,289.0688,244.8178
666,1380.5545,1370.5453,0.307,288.1573,289.0624,244.8124
667,1380.4418,1370.4345,0.3069,288.1507,289.056,244.8071
668,1380.3293,1370.3238,0.3069,288.144,289.0497,244.8017
669,1380.2169,1370.2133,0.3069,288.1374,289.0433,244.7964
670,1380.1046,1370.1029,0.3069,288.1308,289.037,244.7911
671,1379.9925,1369.9926,0.3068,288.1241,289.0306,244.7857
672,1379.8805,1369.8825,0.3068,288.1175,289.0243,244.7804
673,1379.7687,1369.7726,0.3068,288.1109,289.018,244.7751
674,1379.657,1369.6627,0.3067,288.1043,289.0117,244.7698
675,1379.5455,1369.5531,0.3067,288.0978,289.0054,244.7645
676,1379.4341,1369.4435,0.3067,288.0912,288.9991,244.7592
677,1379.3229,1369.3341,0.3067,288.0846,288.9928,244.7539
678,1379.2118,1369.2249,0.3066,288.0781,288.9865,244.7486
679,1379.1008,1369.1158,0.3066,288.0715,288.9802,244.7434
680,1378.99,1369.0068,0.3066,288.065,288.9739,244.7381
681,1378.8793,1368.898,0.3066,288.0584,288.9677,244.7328
682,1378.7688,1368.7893,0.3065,288.0519,288.9614,244.7276
683,1378.6584,1368.6808,0.3065,288.0454,288.9552,244.7223
684,1378.5482,1368.5724,0.3065,288.0389,288.9489,244.7171
685,1378.4381,1368.4641,0.3065,288.0324,288.9427,244.7119
686,1378.3281,1368.356,0.3064,288.0259,288.9365,244.7066
687,1378.2183,1368.248,0.3064,288.0194,288.9302,244.7014
688,1378.1087,1368.1402,0.3064,288.0129,288.924,244.6962
689,1377.9991,1368.0325,0.3064,288.0064,288.9178,244.691
690,1377.8898,1367.9249,0.3063,288.0,288.9116,244.6858
691,1377.7805,1367.8175,0.3063,287.9935,288.9054,244.6806
692,1377.6714,1367.7102,0.3063,287.9871,288.8993,244.6754
693,1377.5625,1367.6031,0.3063,287.9806,288.8931,244.6702
694,1377.4537,1367.4961,0.3062,287.9742,288.8869,244.665
695,1377.345,1367.3892,0.3062,287.9678,288.8808,244.6598
696,1377.2364,1367.2825,0.3062,287.9614,288.8746,244.6547
697,1377.1281,1367.1759,0.3062,287.9549,288.8685,244.6495
698,1377.0198,1367.0695,0.3061,287.9486,288.8623,244.6443
699,1376.9117,1366.9632,0.3061,287.9422,288.8562,244.6392
700,1376.8037,1366.857,0.3061,287.9358,288.8501,244.634
701,1376.6959,1366.751,0.3061,287.9294,288.8439,244.6289
702,1376.5882,1366.6451,0.306,287.923,288.8378,244.6238
703,1376.4807,1366.5393,0.306,287.9167,288.8317,244.6186
704,1376.3733,1366.4337,0.306,287.9103,288.8256,244.6135
705,1376.266,1366.3282,0.306,287.904,288.8195,244.6084
706,1376.1589,1366.2229,0.3059,287.8976,288.8135,244.6033
707,1376.0519,1366.1177,0.3059,287.8913,288.8074,244.5982
708,1375.945,1366.0126,0.3059,287.885,288.8013,244.5931
709,1375.8383,1365.9077,0.3059,287.8787,288.7952,244.588
710,1375.7317,1365.8029,0.3058,287.8724,288.7892,244.5829
711,1375.6253,1365.6982,0.3058,287.8661,288.7831,244.5778
712,1375.519,1365.5937,0.3058,287.8598,288.7771,244.5728
713,1375.4128,1365.4893,0.3058,287.8535,288.7711,244.5677
714,1375.3068,1365.385,0.3057,287.8472,288.765,244.5626
715,1375.2009,1365.2809,0.3057,287.841,288.759,244.5576
716,1375.0952,1365.1769,0.3057,287.8347,288.753,244.5525
717,1374.9896,1365.0731,0.3057,287.8285,288.747,244.5475
718,1374.8841,1364.9694,0.3057,287.8222,288.741,244.5425
719,1374.7788,1364.8658,0.3056,287.816,288.735,244.5374
720,1374.6736,1364.7624,0.3056,287.8098,288.729,244.5324
721,1374.5685,1364.6591,0.3056,287.8036,288.7231,244.5274
722,1374.4636,1364.5559,0.3056,287.7973,288.7171,244.5224
723,1374.3588,1364.4528,0.3055,287.7911,288.7111,244.5174
724,1374.2542,1364.3499,0.3055,287.7849,288.7052,244.5124
725,1374.1497,1364.2472,0.3055,287.7788,288.6992,244.5074
726,1374.0453,1364.1445,0.3055,287.7726,288.6933,244.5024
727,1373.941,1364.042,0.3055,287.7664,288.6874,244.4974
728,1373.8369,1363.9396,0.3054,287.7602,288.6814,244.4924
729,1373.7329,1363.8374,0.3054,287.7541,288.6755,244.4874
730,1373.6291,1363.7353,0.3054,287.7479,288.6696,244.4825
731,1373.5254,1363.6333,0.3054,287.7418,288.6637,244.4775
732,1373.4218,1363.5315,0.3054,287.7357,288.6578,244.4725
733,1373.3184,1363.4298,0.3053,287.7295,288.6519,244.4676
734,1373.2151,1363.3282,0.3053,287.7234,288.646,244.4626
735,1373.1119,1363.2267,0.3053,287.7173,288.6401,244.4577
736,1373.0089,1363.1254,0.3053,287.7112,288.6343,244.4528
737,1372.906,1363.0242,0.3052,287.7051,288.6284,244.4478
738,1372.8032,1362.9232,0.3052,287.699,288.6225,244.4429
739,1372.7006,1362.8223,0.3052,287.6929,288.6167,244.438
740,1372.5981,1362.7215,0.3052,287.6869,288.6108,244.4331
741,1372.4958,1362.6208,0.3052,287.6808,288.605,244.4282
742,1372.3935,1362.5203,0.3051,287.6747,288.5992,244.4233
743,1372.2914,1362.4199,0.3051,287.6687,288.5933,244.4184
744,1372.1895,1362.3196,0.3051,287.6626,288.5875,244.4135
745,1372.0876,1362.2195,0.3051,287.6566,288.5817,244.4086
746,1371.9859,1362.1195,0.3051,287.6506,288.5759,244.4038
747,1371.8844,1362.0196,0.305,287.6446,288.5701,244.3989
748,1371.7829,1361.9199,0.305,287.6386,288.5643,244.394
749,1371.6816,1361.8203,0.305,287.6326,288.5585,244.3892
750,1371.5804,1361.7208,0.305,287.6266,288.5528,244.3843
751,1371.4794,1361.6214,0.305,287.6206,288.547,244.3795
752,1371.3785,1361.5222,0.3049,287.6146,288.5412,244.3746
753,1371.2777,1361.4231,0.3049,287.6086,288.5355,244.3698
754,1371.1771,1361.3241,0.3049,287.6026,288.5297,244.365
755,1371.0765,1361.2253,0.3049,287.5967,288.524,244.3602
756,1370.9762,1361.1266,0.3049,287.5907,288.5183,244.3553
757,1370.8759,1361.028,0.3048,287.5848,288.5125,244.3505
758,1370.7758,1360.9295,0.3048,287.5788,288.5068,244.3457
759,1370.6758,1360.8312,0.3048,287.5729,288.5011,244.3409
760,1370.5759,1360.733,0.3048,287.567,288.4954,244.3361
761,1370.4762,1360.6349,0.3048,287.5611,288.4897,244.3313
762,1370.3766,1360.537,0.3047,287.5552,288.484,244.3266
763,1370.2771,1360.4391,0.3047,287.5493,288.4783,244.3218
764,1370.1777,1360.3414,0.3047,287.5434,288.4726,244.317
765,1370.0785,1360.2439,0.3047,287.5375,288.467,244.3122
766,1369.9794,1360.1464,0.3047,287.5316,288.4613,244.3075
767,1369.8805,1360.0491,0.3047,287.5257,288.4556,244.3027
768,1369.7816,1359.9519,0.3046,287.5199,288.45,244.298
769,1369.6829,1359.8549,0.3046,287.514,288.4443,244.2932
770,1369.5844,1359.7579,0.3046,287.5082,288.4387,244.2885
771,1369.4859,1359.6611,0.3046,287.5023,288.433,244.2838
772,1369.3876,1359.5645,0.3046,287.4965,288.4274,244.279
773,1369.2894,1359.4679,0.3045,287.4907,288.4218,244.2743
774,1369.1913,1359.3715,0.3045,287.4848,288.4162,244.2696
775,1369.0934,1359.2752,0.3045,287.479,288.4106,244.2649
776,1368.9956,1359.179,0.3045,287.4732,288.405,244.2602
777,1368.8979,1359.0829,0.3045,287.4674,288.3994,244.2555
778,1368.8003,1358.987,0.3045,287.4616,288.3938,244.2508
779,1368.7029,1358.8912,0.3044,287.4558,288.3882,244.2461
780,1368.6056,1358.7955,0.3044,287.4501,288.3826,244.2414
781,1368.5084,1358.7,0.3044,287.4443,288.3771,244.2367
782,1368.4114,1358.6045,0.3044,287.4385,288.3715,244.2321
783,1368.3144,1358.5092,0.3044,287.4328,288.366,244.2274
784,1368.2176,1358.414,0.3043,287.427,288.3604,244.2227
785,1368.121,1358.319,0.3043,287.4213,288.3549,244.2181
786,1368.0244,1358.224,0.3043,287.4156,288.3493,244.2134
787,1367.928,1358.1292,0.3043,287.4098,288.3438,244.2088
788,1367.8317,1358.0345,0.3043,287.4041,288.3383,244.2042
789,1367.7355,1357.9399,0.3043,287.3984,288.3328,244.1995
790,1367.6395,1357.8455,0.3042,287.3927,288.3273,244.1949
791,1367.5436,1357.7512,0.3042,287.387,288.3218,244.1903
792,1367.4478,1357.657,0.3042,287.3813,288.3163,244.1857
793,1367.3521,1357.5629,0.3042,287.3756,288.3108,244.181
794,1367.2566,1357.4689,0.3042,287.3699,288.3053,244.1764
795,1367.1611,1357.3751,0.3042,287.3643,288.2998,244.1718
796,1367.0658,1357.2814,0.3041,287.3586,288.2943,244.1672
797,1366.9706,1357.1878,0.3041,287.353,288.2889,244.1627
798,1366.8756,1357.0943,0.3041,287.3473,288.2834,244.1581
799,1366.7807,1357.001,0.3041,287.3417,288.278,244.1535
800,1366.6859,1356.9078,0.3041,287.336,288.2725,244.1489
801,1366.5912,1356.8147,0.3041,287.3304,288.2671,244.1444
802,1366.4966,1356.7217,0.304,287.3248,288.2617,244.1398
803,1366.4022,1356.6288,0.304,287.3192,288.2562,244.1352
804,1366.3079,1356.5361,0.304,287.3136,288.2508,244.1307
805,1366.2137,1356.4434,0.304,287.308,288.2454,244.1261
806,1366.1196,1356.3509,0.304,287.3024,288.24,244.1216
807,1366.0257,1356.2586,0.304,287.2968,288.2346,244.1171
808,1365.9318,1356.1663,0.3039,287.2912,288.2292,244.1125
809,1365.8381,1356.0742,0.3039,287.2856,288.2238,244.108
810,1365.7445,1355.9821,0.3039,287.2801,288.2185,244.1035
811,1365.6511,1355.8902,0.3039,287.2745,288.2131,244.099
812,1365.5577,1355.7985,0.3039,287.269,288.2077,244.0945
813,1365.4645,1355.7068,0.3039,287.2634,288.2024,244.09
814,1365.3714,1355.6152,0.3039,287.2579,288.197,244.0855
815,1365.2785,1355.5238,0.3038,287.2524,288.1917,244.081
816,1365.1856,1355.4325,0.3038,287.2468,288.1863,244.0765
817,1365.0929,1355.3413,0.3038,287.2413,288.181,244.072
818,1365.0003,1355.2503,0.3038,287.2358,288.1756,244.0675
819,1364.9078,1355.1593,0.3038,287.2303,288.1703,244.0631
820,1364.8154,1355.0685,0.3038,287.2248,288.165,244.0586
821,1364.7231,1354.9778,0.3037,287.2193,288.1597,244.0542
822,1364.631,1354.8872,0.3037,287.2138,288.1544,244.0497
823,1364.539,1354.7967,0.3037,287.2084,288.1491,244.0452
824,1364.4471,1354.7063,0.3037,287.2029,288.1438,244.0408
825,1364.3553,1354.6161,0.3037,287.1974,288.1385,244.0364
826,1364.2637,1354.5259,0.3037,287.192,288.1333,244.0319
827,1364.1721,1354.4359,0.3037,287.1865,288.128,244.0275
828,1364.0807,1354.346,0.3036,287.1811,288.1227,244.0231
829,1363.9894,1354.2563,0.3036,287.1757,288.1175,244.0187
830,1363.8982,1354.1666,0.3036,287.1702,288.1122,244.0143
831,1363.8072,1354.0771,0.3036,287.1648,288.107,244.0098
832,1363.7162,1353.9876,0.3036,287.1594,288.1017,244.0054
833,1363.6254,1353.8983,0.3036,287.154,288.0965,244.0011
834,1363.5347,1353.8091,0.3036,287.1486,288.0913,243.9967
835,1363.4441,1353.72,0.3035,287.1432,288.086,243.9923
836,1363.3536,1353.6311,0.3035,287.1378,288.0808,243.9879
837,1363.2633,1353.5422,0.3035,287.1324,288.0756,243.9835
838,1363.173,1353.4535,0.3035,287.1271,288.0704,243.9791
839,1363.0829,1353.3649,0.3035,287.1217,288.0652,243.9748
840,1362.9929,1353.2764,0.3035,287.1164,288.06,243.9704
841,1362.903,1353.188,0.3035,287.111,288.0548,243.9661
842,1362.8133,1353.0997,0.3034,287.1057,288.0497,243.9617
843,1362.7236,1353.0116,0.3034,287.1003,288.0445,243.9574
844,1362.6341,1352.9235,0.3034,287.095,288.0393,243.953
845,1362.5447,1352.8356,0.3034,287.0897,288.0342,243.9487
846,1362.4554,1352.7478,0.3034,287.0843,288.029,243.9444
847,1362.3662,1352.6601,0.3034,287.079,288.0239,243.9401
848,1362.2771,1352.5725,0.3034,287.0737,288.0187,243.9357
849,1362.1881,1352.485,0.3034,287.0684,288.0136,243.9314
850,1362.0993,1352.3977,0.3033,287.0631,288.0085,243.9271
851,1362.0106,1352.3104,0.3033,287.0578,288.0034,243.9228
852,1361.922,1352.2233,0.3033,287.0526,287.9982,243.9185
853,1361.8335,1352.1363,0.3033,287.0473,287.9931,243.9142
854,1361.7451,1352.0494,0.3033,287.042,287.988,243.9099
855,1361.6568,1351.9626,0.3033,287.0368,287.9829,243.9057
856,1361.5687,1351.8759,0.3033,287.0315,287.9778,243.9014
857,1361.4807,1351.7893,0.3032,287.0263,287.9727,243.8971
858,1361.3927,1351.7029,0.3032,287.021,287.9677,243.8928
859,1361.3049,1351.6165,0.3032,287.0158,287.9626,243.8886
860,1361.2172,1351.5303,0.3032,287.0106,287.9575,243.8843
861,1361.1297,1351.4442,0.3032,287.0054,287.9525,243.8801
862,1361.0422,1351.3582,0.3032,287.0001,287.9474,243.8758
863,1360.9548,1351.2723,0.3032,286.9949,287.9424,243.8716
864,1360.8676,1351.1865,0.3032,286.9897,287.9373,243.8674
865,1360.7805,1351.1008,0.3031,286.9845,287.9323,243.8631
866,1360.6935,1351.0152,0.3031,286.9794,287.9273,243.8589
867,1360.6066,1350.9298,0.3031,286.9742,287.9222,243.8547
868,1360.5198,1350.8445,0.3031,286.969,287.9172,243.8505
869,1360.4331,1350.7592,0.3031,286.9638,287.9122,243.8462
870,1360.3466,1350.6741,0.3031,286.9587,287.9072,243.842
871,1360.2601,1350.5891,0.3031,286.9535,287.9022,243.8378
872,1360.1738,1350.5042,0.3031,286.9484,287.8972,243.8336
873,1360.0875,1350.4194,0.303,286.9432,287.8922,243.8295
874,1360.0014,1350.3347,0.303,286.9381,287.8872,243.8253
875,1359.9154,1350.2502,0.303,286.933,287.8823,243.8211
876,1359.8296,1350.1657,0.303,286.9278,287.8773,243.8169
877,1359.7438,1350.0814,0.303,286.9227,287.8723,243.8127
878,1359.6581,1349.9971,0.303,286.9176,287.8674,243.8086
879,1359.5726,1349.913,0.303,286.9125,287.8624,243.8044
880,1359.4871,1349.829,0.303,286.9074,287.8575,243.8003
881,1359.4018,1349.7451,0.3029,286.9023,287.8525,243.7961
882,1359.3166,1349.6613,0.3029,286.8972,287.8476,243.792
883,1359.2315,1349.5776,0.3029,286.8922,287.8427,243.7878
884,1359.1465,1349.494,0.3029,286.8871,287.8377,243.7837
885,1359.0616,1349.4105,0.3029,286.882,287.8328,243.7796
886,1358.9768,1349.3272,0.3029,286.877,287.8279,243.7754
887,1358.8921,1349.2439,0.3029,286.8719,287.823,243.7713
888,1358.8076,1349.1608,0.3029,286.8669,287.8181,243.7672
889,1358.7231,1349.0777,0.3029,286.8618,287.8132,243.7631
890,1358.6388,1348.9948,0.3028,286.8568,287.8083,243.759
891,1358.5546,1348.912,0.3028,286.8518,287.8034,243.7549
892,1358.4704,1348.8293,0.3028,286.8467,287.7986,243.7508
893,1358.3864,1348.7466,0.3028,286.8417,287.7937,243.7467
894,1358.3025,1348.6641,0.3028,286.8367,287.7888,243.7426
895,1358.2187,1348.5818,0.3028,286.8317,287.784,243.7385
896,1358.135,1348.4995,0.3028,286.8267,287.7791,243.7345
897,1358.0515,1348.4173,0.3028,286.8217,287.7743,243.7304
898,1357.968,1348.3352,0.3028,286.8168,287.7694,243.7263
899,1357.8847,1348.2532,0.3027,286.8118,287.7646,243.7223
900,1357.8014,1348.1714,0.3027,286.8068,287.7598,243.7182
901,1357.7183,1348.0896,0.3027,286.8018,287.7549,243.7142
902,1357.6352,1348.008,0.3027,286.7969,287.7501,243.7101
903,1357.5523,1347.9264,0.3027,286.7919,287.7453,243.7061
904,1357.4695,1347.845,0.3027,286.787,287.7405,243.702
905,1357.3868,1347.7637,0.3027,286.7821,287.7357,243.698
906,1357.3042,1347.6824,0.3027,286.7771,287.7309,243.694
907,1357.2217,1347.6013,0.3027,286.7722,287.7261,243.6899
908,1357.1393,1347.5203,0.3026,286.7673,287.7213,243.6859
909,1357.057,1347.4394,0.3026,286.7624,287.7166,243.6819
910,1356.9748,1347.3586,0.3026,286.7574,287.7118,243.6779
911,1356.8928,1347.2779,0.3026,286.7525,287.707,243.6739
912,1356.8108,1347.1973,0.3026,286.7477,287.7023,243.6699
913,1356.729,1347.1168,0.3026,286.7428,287.6975,243.6659
914,1356.6472,1347.0364,0.3026,286.7379,287.6928,243.6619
915,1356.5656,1346.9561,0.3026,286.733,287.688,243.6579
916,1356.484,1346.876,0.3026,286.7281,287.6833,243.654
917,1356.4026,1346.7959,0.3026,286.7233,287.6786,243.65
918,1356.3213,1346.7159,0.3025,286.7184,287.6738,243.646
919,1356.2401,1346.6361,0.3025,286.7136,287.6691,243.6421
920,1356.159,1346.5563,0.3025,286.7087,287.6644,243.6381
921,1356.0779,1346.4766,0.3025,286.7039,287.6597,243.6341
922,1355.997,1346.3971,0.3025,286.699,287.655,243.6302
923,1355.9162,1346.3176,0.3025,286.6942,287.6503,243.6262
924,1355.8356,1346.2383,0.3025,286.6894,287.6456,243.6223
925,1355.755,1346.1591,0.3025,286.6846,287.6409,243.6184
926,1355.6745,1346.0799,0.3025,286.6798,287.6362,243.6144
927,1355.5941,1346.0009,0.3025,286.6749,287.6316,243.6105
928,1355.5138,1345.9219,0.3024,286.6701,287.6269,243.6066
929,1355.4337,1345.8431,0.3024,286.6654,287.6222,243.6027
930,1355.3536,1345.7644,0.3024,286.6606,287.6176,243.5988
931,1355.2736,1345.6857,0.3024,286.6558,287.6129,243.5949
932,1355.1938,1345.6072,0.3024,286.651,287.6083,243.591
933,1355.114,1345.5288,0.3024,286.6462,287.6036,243.5871
934,1355.0344,1345.4505,0.3024,286.6415,287.599,243.5832
935,1354.9548,1345.3723,0.3024,286.6367,287.5944,243.5793
936,1354.8754,1345.2941,0.3024,286.632,287.5898,243.5754
937,1354.7961,1345.2161,0.3024,286.6272,287.5851,243.5715
938,1354.7168,1345.1382,0.3023,286.6225,287.5805,243.5676
939,1354.6377,1345.0604,0.3023,286.6178,287.5759,243.5638
940,1354.5587,1344.9827,0.3023,286.613,287.5713,243.5599
941,1354.4797,1344.9051,0.3023,286.6083,287.5667,243.556
942,1354.4009,1344.8276,0.3023,286.6036,287.5621,243.5522
943,1354.3222,1344.7501,0.3023,286.5989,287.5575,243.5483
944,1354.2436,1344.6728,0.3023,286.5942,287.553,243.5445
945,1354.165,1344.5956,0.3023,286.5895,287.5484,243.5406
946,1354.0866,1344.5185,0.3023,286.5848,287.5438,243.5368
947,1354.0083,1344.4415,0.3023,286.5801,287.5393,243.533
948,1353.9301,1344.3646,0.3023,286.5754,287.5347,243.5292
949,1353.852,1344.2878,0.3022,286.5708,287.5302,243.5253
950,1353.774,1344.2111,0.3022,286.5661,287.5256,243.5215
951,1353.6961,1344.1345,0.3022,286.5614,287.5211,243.5177
952,1353.6183,1344.058,0.3022,286.5568,287.5165,243.5139
953,1353.5406,1343.9815,0.3022,286.5521,287.512,243.5101
954,1353.4629,1343.9052,0.3022,286.5475,287.5075,243.5063
955,1353.3854,1343.829,0.3022,286.5429,287.503,243.5025
956,1353.308,1343.7529,0.3022,286.5382,287.4985,243.4987
957,1353.2307,1343.6769,0.3022,286.5336,287.4939,243.4949
958,1353.1535,1343.601,0.3022,286.529,287.4894,243.4911
959,1353.0764,1343.5252,0.3022,286.5244,287.4849,243.4874
960,1352.9994,1343.4494,0.3021,286.5197,287.4805,243.4836
961,1352.9225,1343.3738,0.3021,286.5151,287.476,243.4798
962,1352.8457,1343.2983,0.3021,286.5105,287.4715,243.4761
963,1352.769,1343.2229,0.3021,286.506,287.467,243.4723
964,1352.6924,1343.1475,0.3021,286.5014,287.4625,243.4685
965,1352.6159,1343.0723,0.3021,286.4968,287.4581,243.4648
966,1352.5395,1342.9972,0.3021,286.4922,287.4536,243.461
967,1352.4632,1342.9222,0.3021,286.4876,287.4492,243.4573
968,1352.387,1342.8472,0.3021,286.4831,287.4447,243.4536
969,1352.3109,1342.7724,0.3021,286.4785,287.4403,243.4498
970,1352.2349,1342.6976,0.3021,286.474,287.4358,243.4461
971,1352.159,1342.623,0.3021,286.4694,287.4314,243.4424
972,1352.0832,1342.5484,0.302,286.4649,287.427,243.4387
973,1352.0075,1342.474,0.302,286.4604,287.4226,243.435
974,1351.9318,1342.3996,0.302,286.4558,287.4182,243.4312
975,1351.8563,1342.3254,0.302,286.4513,287.4137,243.4275
976,1351.7809,1342.2512,0.302,286.4468,287.4093,243.4238
977,1351.7056,1342.1772,0.302,286.4423,287.4049,243.4202
978,1351.6304,1342.1032,0.302,286.4378,287.4005,243.4165
979,1351.5552,1342.0293,0.302,286.4333,287.3962,243.4128
980,1351.4802,1341.9555,0.302,286.4288,287.3918,243.4091
981,1351.4053,1341.8819,0.302,286.4243,287.3874,243.4054
982,1351.3305,1341.8083,0.302,286.4198,287.383,243.4017
983,1351.2557,1341.7348,0.302,286.4153,287.3787,243.3981
984,1351.1811,1341.6614,0.302,286.4109,287.3743,243.3944
985,1351.1065,1341.5881,0.3019,286.4064,287.3699,243.3908
986,1351.0321,1341.5149,0.3019,286.4019,287.3656,243.3871
987,1350.9578,1341.4418,0.3019,286.3975,287.3612,243.3834
988,1350.8835,1341.3688,0.3019,286.393,287.3569,243.3798
989,1350.8094,1341.2959,0.3019,286.3886,287.3526,243.3762
990,1350.7353,1341.223,0.3019,286.3842,287.3482,243.3725
991,1350.6613,1341.1503,0.3019,286.3797,287.3439,243.3689
992,1350.5875,1341.0777,0.3019,286.3753,287.3396,243.3653
993,1350.5137,1341.0051,0.3019,286.3709,287.3353,243.3616
994,1350.44,1340.9327,0.3019,286.3665,287.331,243.358
995,1350.3665,1340.8603,0.3019,286.362,287.3267,243.3544
996,1350.293,1340.7881,0.3019,286.3576,287.3224,243.3508
997,1350.2196,1340.7159,0.3019,286.3532,287.3181,243.3472
998,1350.1463,1340.6439,0.3018,286.3488,287.3138,243.3436
999,1350.0731,1340.5719,0.3018,286.3445,287.3095,243.34
1000,1350.0,1340.5,0.3018,286.3401,287.3052,243.3364
